"film_category_key","film_id","category_id","category_key","category_name"
1,1,6,6,"Documentary"
2,2,11,11,"Horror"
3,3,6,6,"Documentary"
4,4,11,11,"Horror"
5,5,8,8,"Family"
6,6,9,9,"Foreign"
7,7,5,5,"Comedy"
8,8,11,11,"Horror"
9,9,11,11,"Horror"
10,10,15,15,"Sports"
11,11,9,9,"Foreign"
12,12,12,12,"Music"
13,13,11,11,"Horror"
14,14,4,4,"Classics"
15,15,9,9,"Foreign"
16,16,9,9,"Foreign"
17,17,12,12,"Music"
18,18,2,2,"Animation"
19,19,1,1,"Action"
20,20,12,12,"Music"
21,21,1,1,"Action"
22,22,13,13,"New"
23,23,2,2,"Animation"
24,24,11,11,"Horror"
25,25,13,13,"New"
26,26,14,14,"Sci-Fi"
27,27,15,15,"Sports"
28,28,5,5,"Comedy"
29,29,1,1,"Action"
30,30,11,11,"Horror"
31,31,8,8,"Family"
32,32,13,13,"New"
33,33,7,7,"Drama"
34,34,11,11,"Horror"
35,35,11,11,"Horror"
36,36,2,2,"Animation"
37,37,4,4,"Classics"
38,38,1,1,"Action"
39,39,14,14,"Sci-Fi"
40,40,6,6,"Documentary"
41,41,16,16,"Travel"
42,42,15,15,"Sports"
43,43,8,8,"Family"
44,44,14,14,"Sci-Fi"
45,45,13,13,"New"
46,46,10,10,"Games"
47,47,9,9,"Foreign"
48,48,3,3,"Children"
49,49,14,14,"Sci-Fi"
50,50,8,8,"Family"
51,51,12,12,"Music"
52,52,9,9,"Foreign"
53,53,8,8,"Family"
54,54,12,12,"Music"
55,55,14,14,"Sci-Fi"
56,56,1,1,"Action"
57,57,16,16,"Travel"
58,58,6,6,"Documentary"
59,59,3,3,"Children"
60,60,4,4,"Classics"
61,61,7,7,"Drama"
62,62,6,6,"Documentary"
63,63,8,8,"Family"
64,64,7,7,"Drama"
65,65,11,11,"Horror"
66,66,3,3,"Children"
67,67,1,1,"Action"
68,68,3,3,"Children"
69,69,14,14,"Sci-Fi"
70,70,2,2,"Animation"
71,71,8,8,"Family"
72,72,6,6,"Documentary"
73,73,14,14,"Sci-Fi"
74,74,12,12,"Music"
75,75,16,16,"Travel"
76,76,12,12,"Music"
77,77,13,13,"New"
78,78,2,2,"Animation"
79,79,7,7,"Drama"
80,80,8,8,"Family"
81,81,14,14,"Sci-Fi"
82,82,8,8,"Family"
83,83,8,8,"Family"
84,84,16,16,"Travel"
85,85,6,6,"Documentary"
86,86,12,12,"Music"
87,87,16,16,"Travel"
88,88,16,16,"Travel"
89,89,2,2,"Animation"
90,90,13,13,"New"
91,91,4,4,"Classics"
92,92,11,11,"Horror"
93,93,13,13,"New"
94,94,8,8,"Family"
95,95,13,13,"New"
96,96,13,13,"New"
97,97,1,1,"Action"
98,98,7,7,"Drama"
99,99,5,5,"Comedy"
100,100,9,9,"Foreign"
101,101,6,6,"Documentary"
102,102,15,15,"Sports"
103,103,16,16,"Travel"
104,104,9,9,"Foreign"
105,105,1,1,"Action"
106,106,10,10,"Games"
107,107,7,7,"Drama"
108,108,13,13,"New"
109,109,13,13,"New"
110,110,3,3,"Children"
111,111,1,1,"Action"
112,112,9,9,"Foreign"
113,113,15,15,"Sports"
114,114,14,14,"Sci-Fi"
115,115,1,1,"Action"
116,116,4,4,"Classics"
117,117,10,10,"Games"
118,118,2,2,"Animation"
119,119,5,5,"Comedy"
120,120,15,15,"Sports"
121,121,2,2,"Animation"
122,122,11,11,"Horror"
123,123,16,16,"Travel"
124,124,3,3,"Children"
125,125,16,16,"Travel"
126,126,1,1,"Action"
127,127,5,5,"Comedy"
128,128,9,9,"Foreign"
129,129,6,6,"Documentary"
130,130,1,1,"Action"
131,131,4,4,"Classics"
132,132,14,14,"Sci-Fi"
133,133,12,12,"Music"
134,134,2,2,"Animation"
135,135,15,15,"Sports"
136,136,13,13,"New"
137,137,14,14,"Sci-Fi"
138,138,14,14,"Sci-Fi"
139,139,8,8,"Family"
140,140,14,14,"Sci-Fi"
141,141,10,10,"Games"
142,142,6,6,"Documentary"
143,143,7,7,"Drama"
144,144,13,13,"New"
145,145,8,8,"Family"
146,146,7,7,"Drama"
147,147,8,8,"Family"
148,148,9,9,"Foreign"
149,149,3,3,"Children"
150,150,6,6,"Documentary"
151,151,14,14,"Sci-Fi"
152,152,3,3,"Children"
153,153,14,14,"Sci-Fi"
154,154,2,2,"Animation"
155,155,13,13,"New"
156,156,6,6,"Documentary"
157,157,3,3,"Children"
158,158,12,12,"Music"
159,159,5,5,"Comedy"
160,160,2,2,"Animation"
161,161,12,12,"Music"
162,162,1,1,"Action"
163,163,13,13,"New"
164,164,6,6,"Documentary"
165,165,14,14,"Sci-Fi"
166,166,4,4,"Classics"
167,167,16,16,"Travel"
168,168,3,3,"Children"
169,169,16,16,"Travel"
170,170,9,9,"Foreign"
171,171,11,11,"Horror"
172,172,7,7,"Drama"
173,173,7,7,"Drama"
174,174,12,12,"Music"
175,175,8,8,"Family"
176,176,15,15,"Sports"
177,177,14,14,"Sci-Fi"
178,178,5,5,"Comedy"
179,179,7,7,"Drama"
180,180,4,4,"Classics"
181,181,16,16,"Travel"
182,182,5,5,"Comedy"
183,183,8,8,"Family"
184,184,4,4,"Classics"
185,185,9,9,"Foreign"
186,186,7,7,"Drama"
187,187,15,15,"Sports"
188,188,5,5,"Comedy"
189,189,10,10,"Games"
190,190,4,4,"Classics"
191,191,3,3,"Children"
192,192,9,9,"Foreign"
193,193,2,2,"Animation"
194,194,1,1,"Action"
195,195,14,14,"Sci-Fi"
196,196,4,4,"Classics"
197,197,15,15,"Sports"
198,198,9,9,"Foreign"
199,199,6,6,"Documentary"
200,200,10,10,"Games"
201,201,9,9,"Foreign"
202,202,5,5,"Comedy"
203,203,14,14,"Sci-Fi"
204,204,7,7,"Drama"
205,205,1,1,"Action"
206,206,6,6,"Documentary"
207,207,9,9,"Foreign"
208,208,2,2,"Animation"
209,209,7,7,"Drama"
210,210,1,1,"Action"
211,211,10,10,"Games"
212,212,1,1,"Action"
213,213,8,8,"Family"
214,214,3,3,"Children"
215,215,10,10,"Games"
216,216,13,13,"New"
217,217,10,10,"Games"
218,218,7,7,"Drama"
219,219,6,6,"Documentary"
220,220,12,12,"Music"
221,221,6,6,"Documentary"
222,222,11,11,"Horror"
223,223,2,2,"Animation"
224,224,16,16,"Travel"
225,225,7,7,"Drama"
226,226,13,13,"New"
227,227,10,10,"Games"
228,228,4,4,"Classics"
229,229,1,1,"Action"
230,230,7,7,"Drama"
231,231,8,8,"Family"
232,232,10,10,"Games"
233,233,16,16,"Travel"
234,234,14,14,"Sci-Fi"
235,235,14,14,"Sci-Fi"
236,236,10,10,"Games"
237,237,15,15,"Sports"
238,238,3,3,"Children"
239,239,2,2,"Animation"
240,240,14,14,"Sci-Fi"
241,241,2,2,"Animation"
242,242,5,5,"Comedy"
243,243,2,2,"Animation"
244,244,12,12,"Music"
245,245,2,2,"Animation"
246,246,9,9,"Foreign"
247,247,5,5,"Comedy"
248,248,6,6,"Documentary"
249,249,4,4,"Classics"
250,250,1,1,"Action"
251,251,13,13,"New"
252,252,1,1,"Action"
253,253,1,1,"Action"
254,254,15,15,"Sports"
255,255,12,12,"Music"
256,256,15,15,"Sports"
257,257,16,16,"Travel"
258,258,11,11,"Horror"
259,259,2,2,"Animation"
260,260,15,15,"Sports"
261,261,6,6,"Documentary"
262,262,8,8,"Family"
263,263,15,15,"Sports"
264,264,10,10,"Games"
265,265,5,5,"Comedy"
266,266,4,4,"Classics"
267,267,13,13,"New"
268,268,2,2,"Animation"
269,269,8,8,"Family"
270,270,13,13,"New"
271,271,1,1,"Action"
272,272,7,7,"Drama"
273,273,8,8,"Family"
274,274,6,6,"Documentary"
275,275,11,11,"Horror"
276,276,5,5,"Comedy"
277,277,11,11,"Horror"
278,278,12,12,"Music"
279,279,15,15,"Sports"
280,280,3,3,"Children"
281,281,10,10,"Games"
282,282,7,7,"Drama"
283,283,13,13,"New"
284,284,12,12,"Music"
285,285,14,14,"Sci-Fi"
286,286,16,16,"Travel"
287,287,1,1,"Action"
288,288,16,16,"Travel"
289,289,13,13,"New"
290,290,9,9,"Foreign"
291,291,15,15,"Sports"
292,292,1,1,"Action"
293,293,15,15,"Sports"
294,294,16,16,"Travel"
295,295,6,6,"Documentary"
296,296,14,14,"Sci-Fi"
297,297,4,4,"Classics"
298,298,14,14,"Sci-Fi"
299,299,16,16,"Travel"
300,300,2,2,"Animation"
301,301,11,11,"Horror"
302,302,10,10,"Games"
303,303,1,1,"Action"
304,304,3,3,"Children"
305,305,13,13,"New"
306,306,10,10,"Games"
307,307,16,16,"Travel"
308,308,5,5,"Comedy"
309,309,8,8,"Family"
310,310,10,10,"Games"
311,311,9,9,"Foreign"
312,312,14,14,"Sci-Fi"
313,313,11,11,"Horror"
314,314,2,2,"Animation"
315,315,8,8,"Family"
316,316,10,10,"Games"
317,317,5,5,"Comedy"
318,318,1,1,"Action"
319,319,14,14,"Sci-Fi"
320,320,13,13,"New"
321,321,13,13,"New"
322,322,15,15,"Sports"
323,323,15,15,"Sports"
324,324,5,5,"Comedy"
325,325,2,2,"Animation"
326,326,2,2,"Animation"
327,327,1,1,"Action"
328,328,3,3,"Children"
329,329,1,1,"Action"
330,330,2,2,"Animation"
331,331,10,10,"Games"
332,332,5,5,"Comedy"
333,333,12,12,"Music"
334,334,11,11,"Horror"
335,335,5,5,"Comedy"
336,336,6,6,"Documentary"
337,337,9,9,"Foreign"
338,338,14,14,"Sci-Fi"
339,339,16,16,"Travel"
340,340,13,13,"New"
341,341,4,4,"Classics"
342,342,16,16,"Travel"
343,343,3,3,"Children"
344,344,3,3,"Children"
345,345,8,8,"Family"
346,346,4,4,"Classics"
347,347,16,16,"Travel"
348,348,8,8,"Family"
349,349,2,2,"Animation"
350,350,14,14,"Sci-Fi"
351,351,11,11,"Horror"
352,352,10,10,"Games"
353,353,9,9,"Foreign"
354,354,3,3,"Children"
355,355,2,2,"Animation"
356,356,3,3,"Children"
357,357,4,4,"Classics"
358,358,4,4,"Classics"
359,359,8,8,"Family"
360,360,1,1,"Action"
361,361,15,15,"Sports"
362,362,10,10,"Games"
363,363,12,12,"Music"
364,364,13,13,"New"
365,365,5,5,"Comedy"
366,366,7,7,"Drama"
367,367,14,14,"Sci-Fi"
368,368,7,7,"Drama"
369,369,14,14,"Sci-Fi"
370,370,3,3,"Children"
371,371,1,1,"Action"
372,372,15,15,"Sports"
373,373,3,3,"Children"
374,374,14,14,"Sci-Fi"
375,375,1,1,"Action"
376,376,9,9,"Foreign"
377,377,8,8,"Family"
378,378,12,12,"Music"
379,379,7,7,"Drama"
380,380,9,9,"Foreign"
381,381,10,10,"Games"
382,382,10,10,"Games"
383,383,15,15,"Sports"
384,384,12,12,"Music"
385,385,5,5,"Comedy"
386,386,16,16,"Travel"
387,387,10,10,"Games"
388,388,5,5,"Comedy"
389,389,15,15,"Sports"
390,390,14,14,"Sci-Fi"
391,391,8,8,"Family"
392,392,3,3,"Children"
393,393,6,6,"Documentary"
394,394,14,14,"Sci-Fi"
395,395,1,1,"Action"
396,396,7,7,"Drama"
397,397,14,14,"Sci-Fi"
398,398,12,12,"Music"
399,399,9,9,"Foreign"
400,400,6,6,"Documentary"
401,401,7,7,"Drama"
402,402,2,2,"Animation"
403,403,7,7,"Drama"
404,404,5,5,"Comedy"
405,405,16,16,"Travel"
406,406,10,10,"Games"
407,407,6,6,"Documentary"
408,408,10,10,"Games"
409,409,3,3,"Children"
410,410,5,5,"Comedy"
411,411,12,12,"Music"
412,412,6,6,"Documentary"
413,413,5,5,"Comedy"
414,414,9,9,"Foreign"
415,415,11,11,"Horror"
416,416,9,9,"Foreign"
417,417,1,1,"Action"
418,418,7,7,"Drama"
419,419,8,8,"Family"
420,420,15,15,"Sports"
421,421,9,9,"Foreign"
422,422,14,14,"Sci-Fi"
423,423,3,3,"Children"
424,424,3,3,"Children"
425,425,4,4,"Classics"
426,426,12,12,"Music"
427,427,6,6,"Documentary"
428,428,8,8,"Family"
429,429,15,15,"Sports"
430,430,2,2,"Animation"
431,431,9,9,"Foreign"
432,432,4,4,"Classics"
433,433,2,2,"Animation"
434,434,16,16,"Travel"
435,435,9,9,"Foreign"
436,436,13,13,"New"
437,437,8,8,"Family"
438,438,10,10,"Games"
439,439,7,7,"Drama"
440,440,9,9,"Foreign"
441,441,6,6,"Documentary"
442,442,8,8,"Family"
443,443,5,5,"Comedy"
444,444,5,5,"Comedy"
445,445,4,4,"Classics"
446,446,15,15,"Sports"
447,447,10,10,"Games"
448,448,13,13,"New"
449,449,14,14,"Sci-Fi"
450,450,3,3,"Children"
451,451,16,16,"Travel"
452,452,9,9,"Foreign"
453,453,15,15,"Sports"
454,454,12,12,"Music"
455,455,9,9,"Foreign"
456,456,2,2,"Animation"
457,457,6,6,"Documentary"
458,458,8,8,"Family"
459,459,9,9,"Foreign"
460,460,9,9,"Foreign"
461,461,2,2,"Animation"
462,462,12,12,"Music"
463,463,15,15,"Sports"
464,464,2,2,"Animation"
465,465,13,13,"New"
466,466,6,6,"Documentary"
467,467,9,9,"Foreign"
468,468,3,3,"Children"
469,469,4,4,"Classics"
470,470,2,2,"Animation"
471,471,4,4,"Classics"
472,472,16,16,"Travel"
473,473,7,7,"Drama"
474,474,15,15,"Sports"
475,475,11,11,"Horror"
476,476,8,8,"Family"
477,477,12,12,"Music"
478,478,5,5,"Comedy"
479,479,8,8,"Family"
480,480,4,4,"Classics"
481,481,13,13,"New"
482,482,4,4,"Classics"
483,483,10,10,"Games"
484,484,4,4,"Classics"
485,485,3,3,"Children"
486,486,9,9,"Foreign"
487,487,4,4,"Classics"
488,488,15,15,"Sports"
489,489,2,2,"Animation"
490,490,13,13,"New"
491,491,3,3,"Children"
492,492,13,13,"New"
493,493,9,9,"Foreign"
494,494,11,11,"Horror"
495,495,11,11,"Horror"
496,496,16,16,"Travel"
497,497,6,6,"Documentary"
498,498,8,8,"Family"
499,499,8,8,"Family"
500,500,9,9,"Foreign"
501,501,1,1,"Action"
502,502,5,5,"Comedy"
503,503,15,15,"Sports"
504,504,7,7,"Drama"
505,505,3,3,"Children"
506,506,11,11,"Horror"
507,507,10,10,"Games"
508,508,10,10,"Games"
509,509,3,3,"Children"
510,510,2,2,"Animation"
511,511,1,1,"Action"
512,512,4,4,"Classics"
513,513,16,16,"Travel"
514,514,7,7,"Drama"
515,515,3,3,"Children"
516,516,12,12,"Music"
517,517,15,15,"Sports"
518,518,16,16,"Travel"
519,519,15,15,"Sports"
520,520,14,14,"Sci-Fi"
521,521,7,7,"Drama"
522,522,5,5,"Comedy"
523,523,4,4,"Classics"
524,524,5,5,"Comedy"
525,525,4,4,"Classics"
526,526,16,16,"Travel"
527,527,11,11,"Horror"
528,528,8,8,"Family"
529,529,5,5,"Comedy"
530,530,1,1,"Action"
531,531,9,9,"Foreign"
532,532,15,15,"Sports"
533,533,9,9,"Foreign"
534,534,8,8,"Family"
535,535,11,11,"Horror"
536,536,4,4,"Classics"
537,537,4,4,"Classics"
538,538,13,13,"New"
539,539,7,7,"Drama"
540,540,12,12,"Music"
541,541,2,2,"Animation"
542,542,1,1,"Action"
543,543,16,16,"Travel"
544,544,6,6,"Documentary"
545,545,9,9,"Foreign"
546,546,10,10,"Games"
547,547,3,3,"Children"
548,548,4,4,"Classics"
549,549,1,1,"Action"
550,550,8,8,"Family"
551,551,13,13,"New"
552,552,6,6,"Documentary"
553,553,3,3,"Children"
554,554,4,4,"Classics"
555,555,5,5,"Comedy"
556,556,10,10,"Games"
557,557,8,8,"Family"
558,558,13,13,"New"
559,559,14,14,"Sci-Fi"
560,560,10,10,"Games"
561,561,13,13,"New"
562,562,12,12,"Music"
563,563,10,10,"Games"
564,564,2,2,"Animation"
565,565,9,9,"Foreign"
566,566,9,9,"Foreign"
567,567,9,9,"Foreign"
568,568,5,5,"Comedy"
569,569,2,2,"Animation"
570,570,15,15,"Sports"
571,571,6,6,"Documentary"
572,572,14,14,"Sci-Fi"
573,573,3,3,"Children"
574,574,1,1,"Action"
575,575,6,6,"Documentary"
576,576,6,6,"Documentary"
577,577,15,15,"Sports"
578,578,4,4,"Classics"
579,579,1,1,"Action"
580,580,13,13,"New"
581,581,12,12,"Music"
582,582,2,2,"Animation"
583,583,2,2,"Animation"
584,584,9,9,"Foreign"
585,585,7,7,"Drama"
586,586,1,1,"Action"
587,587,6,6,"Documentary"
588,588,3,3,"Children"
589,589,6,6,"Documentary"
590,590,13,13,"New"
591,591,10,10,"Games"
592,592,12,12,"Music"
593,593,11,11,"Horror"
594,594,1,1,"Action"
595,595,9,9,"Foreign"
596,596,10,10,"Games"
597,597,10,10,"Games"
598,598,15,15,"Sports"
599,599,15,15,"Sports"
600,600,11,11,"Horror"
601,601,16,16,"Travel"
602,602,14,14,"Sci-Fi"
603,603,8,8,"Family"
604,604,5,5,"Comedy"
605,605,9,9,"Foreign"
606,606,15,15,"Sports"
607,607,9,9,"Foreign"
608,608,3,3,"Children"
609,609,16,16,"Travel"
610,610,8,8,"Family"
611,611,4,4,"Classics"
612,612,15,15,"Sports"
613,613,5,5,"Comedy"
614,614,10,10,"Games"
615,615,2,2,"Animation"
616,616,6,6,"Documentary"
617,617,8,8,"Family"
618,618,7,7,"Drama"
619,619,15,15,"Sports"
620,620,14,14,"Sci-Fi"
621,621,8,8,"Family"
622,622,6,6,"Documentary"
623,623,9,9,"Foreign"
624,624,10,10,"Games"
625,625,14,14,"Sci-Fi"
626,626,3,3,"Children"
627,627,6,6,"Documentary"
628,628,15,15,"Sports"
629,629,6,6,"Documentary"
630,630,7,7,"Drama"
631,631,15,15,"Sports"
632,632,13,13,"New"
633,633,4,4,"Classics"
634,634,8,8,"Family"
635,635,13,13,"New"
636,636,12,12,"Music"
637,637,14,14,"Sci-Fi"
638,638,5,5,"Comedy"
639,639,8,8,"Family"
640,640,9,9,"Foreign"
641,641,9,9,"Foreign"
642,642,16,16,"Travel"
643,643,7,7,"Drama"
644,644,2,2,"Animation"
645,645,16,16,"Travel"
646,646,10,10,"Games"
647,647,12,12,"Music"
648,648,16,16,"Travel"
649,649,2,2,"Animation"
650,650,6,6,"Documentary"
651,651,2,2,"Animation"
652,652,4,4,"Classics"
653,653,11,11,"Horror"
654,654,10,10,"Games"
655,655,14,14,"Sci-Fi"
656,656,16,16,"Travel"
657,657,5,5,"Comedy"
658,658,11,11,"Horror"
659,659,1,1,"Action"
660,660,5,5,"Comedy"
661,661,9,9,"Foreign"
662,662,7,7,"Drama"
663,663,4,4,"Classics"
664,664,1,1,"Action"
665,665,11,11,"Horror"
666,666,7,7,"Drama"
667,667,15,15,"Sports"
668,668,15,15,"Sports"
669,669,9,9,"Foreign"
670,670,6,6,"Documentary"
671,671,15,15,"Sports"
672,672,5,5,"Comedy"
673,673,12,12,"Music"
674,674,9,9,"Foreign"
675,675,13,13,"New"
676,676,15,15,"Sports"
677,677,13,13,"New"
678,678,15,15,"Sports"
679,679,8,8,"Family"
680,680,5,5,"Comedy"
681,681,15,15,"Sports"
682,682,8,8,"Family"
683,683,7,7,"Drama"
684,684,10,10,"Games"
685,685,13,13,"New"
686,686,13,13,"New"
687,687,6,6,"Documentary"
688,688,3,3,"Children"
689,689,9,9,"Foreign"
690,690,2,2,"Animation"
691,691,15,15,"Sports"
692,692,2,2,"Animation"
693,693,2,2,"Animation"
694,694,4,4,"Classics"
695,695,8,8,"Family"
696,696,2,2,"Animation"
697,697,1,1,"Action"
698,698,6,6,"Documentary"
699,699,10,10,"Games"
700,700,8,8,"Family"
701,701,10,10,"Games"
702,702,11,11,"Horror"
703,703,2,2,"Animation"
704,704,5,5,"Comedy"
705,705,9,9,"Foreign"
706,706,7,7,"Drama"
707,707,1,1,"Action"
708,708,6,6,"Documentary"
709,709,7,7,"Drama"
710,710,8,8,"Family"
711,711,14,14,"Sci-Fi"
712,712,6,6,"Documentary"
713,713,6,6,"Documentary"
714,714,14,14,"Sci-Fi"
715,715,8,8,"Family"
716,716,11,11,"Horror"
717,717,1,1,"Action"
718,718,12,12,"Music"
719,719,15,15,"Sports"
720,720,13,13,"New"
721,721,12,12,"Music"
722,722,11,11,"Horror"
723,723,14,14,"Sci-Fi"
724,724,8,8,"Family"
725,725,4,4,"Classics"
726,726,9,9,"Foreign"
727,727,8,8,"Family"
728,728,7,7,"Drama"
729,729,15,15,"Sports"
730,730,13,13,"New"
731,731,4,4,"Classics"
732,732,1,1,"Action"
733,733,15,15,"Sports"
734,734,6,6,"Documentary"
735,735,3,3,"Children"
736,736,8,8,"Family"
737,737,11,11,"Horror"
738,738,9,9,"Foreign"
739,739,7,7,"Drama"
740,740,11,11,"Horror"
741,741,12,12,"Music"
742,742,10,10,"Games"
743,743,2,2,"Animation"
744,744,4,4,"Classics"
745,745,15,15,"Sports"
746,746,10,10,"Games"
747,747,10,10,"Games"
748,748,1,1,"Action"
749,749,11,11,"Horror"
750,750,13,13,"New"
751,751,13,13,"New"
752,752,12,12,"Music"
753,753,8,8,"Family"
754,754,5,5,"Comedy"
755,755,3,3,"Children"
756,756,5,5,"Comedy"
757,757,6,6,"Documentary"
758,758,7,7,"Drama"
759,759,13,13,"New"
760,760,13,13,"New"
761,761,3,3,"Children"
762,762,10,10,"Games"
763,763,15,15,"Sports"
764,764,15,15,"Sports"
765,765,5,5,"Comedy"
766,766,7,7,"Drama"
767,767,12,12,"Music"
768,768,3,3,"Children"
769,769,9,9,"Foreign"
770,770,9,9,"Foreign"
771,771,7,7,"Drama"
772,772,7,7,"Drama"
773,773,15,15,"Sports"
774,774,5,5,"Comedy"
775,775,7,7,"Drama"
776,776,6,6,"Documentary"
777,777,15,15,"Sports"
778,778,8,8,"Family"
779,779,15,15,"Sports"
780,780,8,8,"Family"
781,781,10,10,"Games"
782,782,15,15,"Sports"
783,783,16,16,"Travel"
784,784,16,16,"Travel"
785,785,16,16,"Travel"
786,786,3,3,"Children"
787,787,16,16,"Travel"
788,788,6,6,"Documentary"
789,789,9,9,"Foreign"
790,790,7,7,"Drama"
791,791,6,6,"Documentary"
792,792,9,9,"Foreign"
793,793,1,1,"Action"
794,794,1,1,"Action"
795,795,8,8,"Family"
796,796,15,15,"Sports"
797,797,12,12,"Music"
798,798,14,14,"Sci-Fi"
799,799,11,11,"Horror"
800,800,11,11,"Horror"
801,801,3,3,"Children"
802,802,1,1,"Action"
803,803,7,7,"Drama"
804,804,11,11,"Horror"
805,805,2,2,"Animation"
806,806,13,13,"New"
807,807,10,10,"Games"
808,808,4,4,"Classics"
809,809,15,15,"Sports"
810,810,8,8,"Family"
811,811,16,16,"Travel"
812,812,6,6,"Documentary"
813,813,15,15,"Sports"
814,814,5,5,"Comedy"
815,815,4,4,"Classics"
816,816,2,2,"Animation"
817,817,14,14,"Sci-Fi"
818,818,7,7,"Drama"
819,819,12,12,"Music"
820,820,2,2,"Animation"
821,821,9,9,"Foreign"
822,822,8,8,"Family"
823,823,1,1,"Action"
824,824,8,8,"Family"
825,825,1,1,"Action"
826,826,16,16,"Travel"
827,827,7,7,"Drama"
828,828,4,4,"Classics"
829,829,8,8,"Family"
830,830,11,11,"Horror"
831,831,14,14,"Sci-Fi"
832,832,8,8,"Family"
833,833,3,3,"Children"
834,834,6,6,"Documentary"
835,835,10,10,"Games"
836,836,15,15,"Sports"
837,837,5,5,"Comedy"
838,838,1,1,"Action"
839,839,14,14,"Sci-Fi"
840,840,10,10,"Games"
841,841,15,15,"Sports"
842,842,10,10,"Games"
843,843,4,4,"Classics"
844,844,15,15,"Sports"
845,845,9,9,"Foreign"
846,846,13,13,"New"
847,847,13,13,"New"
848,848,16,16,"Travel"
849,849,2,2,"Animation"
850,850,1,1,"Action"
851,851,15,15,"Sports"
852,852,3,3,"Children"
853,853,3,3,"Children"
854,854,11,11,"Horror"
855,855,6,6,"Documentary"
856,856,11,11,"Horror"
857,857,5,5,"Comedy"
858,858,5,5,"Comedy"
859,859,2,2,"Animation"
860,860,14,14,"Sci-Fi"
861,861,10,10,"Games"
862,862,4,4,"Classics"
863,863,14,14,"Sci-Fi"
864,864,3,3,"Children"
865,865,2,2,"Animation"
866,866,8,8,"Family"
867,867,8,8,"Family"
868,868,16,16,"Travel"
869,869,1,1,"Action"
870,870,11,11,"Horror"
871,871,5,5,"Comedy"
872,872,16,16,"Travel"
873,873,3,3,"Children"
874,874,4,4,"Classics"
875,875,15,15,"Sports"
876,876,11,11,"Horror"
877,877,12,12,"Music"
878,878,16,16,"Travel"
879,879,12,12,"Music"
880,880,2,2,"Animation"
881,881,11,11,"Horror"
882,882,7,7,"Drama"
883,883,3,3,"Children"
884,884,12,12,"Music"
885,885,11,11,"Horror"
886,886,2,2,"Animation"
887,887,2,2,"Animation"
888,888,6,6,"Documentary"
889,889,3,3,"Children"
890,890,15,15,"Sports"
891,891,4,4,"Classics"
892,892,2,2,"Animation"
893,893,14,14,"Sci-Fi"
894,894,16,16,"Travel"
895,895,4,4,"Classics"
896,896,3,3,"Children"
897,897,7,7,"Drama"
898,898,15,15,"Sports"
899,899,4,4,"Classics"
900,900,9,9,"Foreign"
901,901,2,2,"Animation"
902,902,15,15,"Sports"
903,903,16,16,"Travel"
904,904,11,11,"Horror"
905,905,5,5,"Comedy"
906,906,5,5,"Comedy"
907,907,7,7,"Drama"
908,908,9,9,"Foreign"
909,909,11,11,"Horror"
910,910,7,7,"Drama"
911,911,1,1,"Action"
912,912,14,14,"Sci-Fi"
913,913,13,13,"New"
914,914,16,16,"Travel"
915,915,1,1,"Action"
916,916,2,2,"Animation"
917,917,15,15,"Sports"
918,918,3,3,"Children"
919,919,10,10,"Games"
920,920,13,13,"New"
921,921,12,12,"Music"
922,922,11,11,"Horror"
923,923,7,7,"Drama"
924,924,14,14,"Sci-Fi"
925,925,6,6,"Documentary"
926,926,6,6,"Documentary"
927,927,1,1,"Action"
928,928,3,3,"Children"
929,929,9,9,"Foreign"
930,930,14,14,"Sci-Fi"
931,931,16,16,"Travel"
932,932,5,5,"Comedy"
933,933,13,13,"New"
934,934,10,10,"Games"
935,935,13,13,"New"
936,936,12,12,"Music"
937,937,13,13,"New"
938,938,5,5,"Comedy"
939,939,5,5,"Comedy"
940,940,15,15,"Sports"
941,941,10,10,"Games"
942,942,7,7,"Drama"
943,943,6,6,"Documentary"
944,944,7,7,"Drama"
945,945,6,6,"Documentary"
946,946,8,8,"Family"
947,947,9,9,"Foreign"
948,948,13,13,"New"
949,949,10,10,"Games"
950,950,4,4,"Classics"
951,951,4,4,"Classics"
952,952,6,6,"Documentary"
953,953,2,2,"Animation"
954,954,13,13,"New"
955,955,3,3,"Children"
956,956,10,10,"Games"
957,957,9,9,"Foreign"
958,958,7,7,"Drama"
959,959,3,3,"Children"
960,960,6,6,"Documentary"
961,961,9,9,"Foreign"
962,962,4,4,"Classics"
963,963,2,2,"Animation"
964,964,1,1,"Action"
965,965,11,11,"Horror"
966,966,6,6,"Documentary"
967,967,14,14,"Sci-Fi"
968,968,1,1,"Action"
969,969,7,7,"Drama"
970,970,4,4,"Classics"
971,971,9,9,"Foreign"
972,972,14,14,"Sci-Fi"
973,973,6,6,"Documentary"
974,974,13,13,"New"
975,975,8,8,"Family"
976,976,10,10,"Games"
977,977,16,16,"Travel"
978,978,5,5,"Comedy"
979,979,7,7,"Drama"
980,980,12,12,"Music"
981,981,16,16,"Travel"
982,982,1,1,"Action"
983,983,12,12,"Music"
984,984,9,9,"Foreign"
985,985,14,14,"Sci-Fi"
986,986,2,2,"Animation"
987,987,12,12,"Music"
988,988,16,16,"Travel"
989,989,16,16,"Travel"
990,990,11,11,"Horror"
991,991,1,1,"Action"
992,992,6,6,"Documentary"
993,993,3,3,"Children"
994,994,13,13,"New"
995,995,11,11,"Horror"
996,996,6,6,"Documentary"
997,997,12,12,"Music"
998,998,11,11,"Horror"
999,999,3,3,"Children"
1000,1000,5,5,"Comedy"
