"film_key","film_id","film_title","rental_rate","rating","film_category_key","category_id","category_key","category_name"
1,1,"ACADEMY DINOSAUR",0.99,"PG",1,6,6,"Documentary"
2,2,"ACE GOLDFINGER",4.99,"G",2,11,11,"Horror"
3,3,"ADAPTATION HOLES",2.99,"NC-17",3,6,6,"Documentary"
4,4,"AFFAIR PREJUDICE",2.99,"G",4,11,11,"Horror"
5,5,"AFRICAN EGG",2.99,"G",5,8,8,"Family"
6,6,"AGENT TRUMAN",2.99,"PG",6,9,9,"Foreign"
7,7,"AIRPLANE SIERRA",4.99,"PG-13",7,5,5,"Comedy"
8,8,"AIRPORT POLLOCK",4.99,"R",8,11,11,"Horror"
9,9,"ALABAMA DEVIL",2.99,"PG-13",9,11,11,"Horror"
10,10,"ALADDIN CALENDAR",4.99,"NC-17",10,15,15,"Sports"
11,11,"ALAMO VIDEOTAPE",0.99,"G",11,9,9,"Foreign"
12,12,"ALASKA PHANTOM",0.99,"PG",12,12,12,"Music"
13,13,"ALI FOREVER",4.99,"PG",13,11,11,"Horror"
14,14,"ALICE FANTASIA",0.99,"NC-17",14,4,4,"Classics"
15,15,"ALIEN CENTER",2.99,"NC-17",15,9,9,"Foreign"
16,16,"ALLEY EVOLUTION",2.99,"NC-17",16,9,9,"Foreign"
17,17,"ALONE TRIP",0.99,"R",17,12,12,"Music"
18,18,"ALTER VICTORY",0.99,"PG-13",18,2,2,"Animation"
19,19,"AMADEUS HOLY",0.99,"PG",19,1,1,"Action"
20,20,"AMELIE HELLFIGHTERS",4.99,"R",20,12,12,"Music"
21,21,"AMERICAN CIRCUS",4.99,"R",21,1,1,"Action"
22,22,"AMISTAD MIDSUMMER",2.99,"G",22,13,13,"New"
23,23,"ANACONDA CONFESSIONS",0.99,"R",23,2,2,"Animation"
24,24,"ANALYZE HOOSIERS",2.99,"R",24,11,11,"Horror"
25,25,"ANGELS LIFE",2.99,"G",25,13,13,"New"
26,26,"ANNIE IDENTITY",0.99,"G",26,14,14,"Sci-Fi"
27,27,"ANONYMOUS HUMAN",0.99,"NC-17",27,15,15,"Sports"
28,28,"ANTHEM LUKE",4.99,"PG-13",28,5,5,"Comedy"
29,29,"ANTITRUST TOMATOES",2.99,"NC-17",29,1,1,"Action"
30,30,"ANYTHING SAVANNAH",2.99,"R",30,11,11,"Horror"
31,31,"APACHE DIVINE",4.99,"NC-17",31,8,8,"Family"
32,32,"APOCALYPSE FLAMINGOS",4.99,"R",32,13,13,"New"
33,33,"APOLLO TEEN",2.99,"PG-13",33,7,7,"Drama"
34,34,"ARABIA DOGMA",0.99,"NC-17",34,11,11,"Horror"
35,35,"ARACHNOPHOBIA ROLLERCOASTER",2.99,"PG-13",35,11,11,"Horror"
36,36,"ARGONAUTS TOWN",0.99,"PG-13",36,2,2,"Animation"
37,37,"ARIZONA BANG",2.99,"PG",37,4,4,"Classics"
38,38,"ARK RIDGEMONT",0.99,"NC-17",38,1,1,"Action"
39,39,"ARMAGEDDON LOST",0.99,"G",39,14,14,"Sci-Fi"
40,40,"ARMY FLINTSTONES",0.99,"R",40,6,6,"Documentary"
41,41,"ARSENIC INDEPENDENCE",0.99,"PG",41,16,16,"Travel"
42,42,"ARTIST COLDBLOODED",2.99,"NC-17",42,15,15,"Sports"
43,43,"ATLANTIS CAUSE",2.99,"G",43,8,8,"Family"
44,44,"ATTACKS HATE",4.99,"PG-13",44,14,14,"Sci-Fi"
45,45,"ATTRACTION NEWTON",4.99,"PG-13",45,13,13,"New"
46,46,"AUTUMN CROW",4.99,"G",46,10,10,"Games"
47,47,"BABY HALL",4.99,"NC-17",47,9,9,"Foreign"
48,48,"BACKLASH UNDEFEATED",4.99,"PG-13",48,3,3,"Children"
49,49,"BADMAN DAWN",2.99,"R",49,14,14,"Sci-Fi"
50,50,"BAKED CLEOPATRA",2.99,"G",50,8,8,"Family"
51,51,"BALLOON HOMEWARD",2.99,"NC-17",51,12,12,"Music"
52,52,"BALLROOM MOCKINGBIRD",0.99,"G",52,9,9,"Foreign"
53,53,"BANG KWAI",2.99,"NC-17",53,8,8,"Family"
54,54,"BANGER PINOCCHIO",0.99,"R",54,12,12,"Music"
55,55,"BARBARELLA STREETCAR",2.99,"G",55,14,14,"Sci-Fi"
56,56,"BAREFOOT MANCHURIAN",2.99,"G",56,1,1,"Action"
57,57,"BASIC EASY",2.99,"PG-13",57,16,16,"Travel"
58,58,"BEACH HEARTBREAKERS",2.99,"G",58,6,6,"Documentary"
59,59,"BEAR GRACELAND",2.99,"R",59,3,3,"Children"
60,60,"BEAST HUNCHBACK",4.99,"R",60,4,4,"Classics"
61,61,"BEAUTY GREASE",4.99,"G",61,7,7,"Drama"
62,62,"BED HIGHBALL",2.99,"NC-17",62,6,6,"Documentary"
63,63,"BEDAZZLED MARRIED",0.99,"PG",63,8,8,"Family"
64,64,"BEETHOVEN EXORCIST",0.99,"PG-13",64,7,7,"Drama"
65,65,"BEHAVIOR RUNAWAY",4.99,"PG",65,11,11,"Horror"
66,66,"BENEATH RUSH",0.99,"NC-17",66,3,3,"Children"
67,67,"BERETS AGENT",2.99,"PG-13",67,1,1,"Action"
68,68,"BETRAYED REAR",4.99,"NC-17",68,3,3,"Children"
69,69,"BEVERLY OUTLAW",2.99,"R",69,14,14,"Sci-Fi"
70,70,"BIKINI BORROWERS",4.99,"NC-17",70,2,2,"Animation"
71,71,"BILKO ANONYMOUS",4.99,"PG-13",71,8,8,"Family"
72,72,"BILL OTHERS",2.99,"PG",72,6,6,"Documentary"
73,73,"BINGO TALENTED",2.99,"PG-13",73,14,14,"Sci-Fi"
74,74,"BIRCH ANTITRUST",4.99,"PG",74,12,12,"Music"
75,75,"BIRD INDEPENDENCE",4.99,"G",75,16,16,"Travel"
76,76,"BIRDCAGE CASPER",0.99,"NC-17",76,12,12,"Music"
77,77,"BIRDS PERDITION",4.99,"G",77,13,13,"New"
78,78,"BLACKOUT PRIVATE",2.99,"PG",78,2,2,"Animation"
79,79,"BLADE POLISH",0.99,"PG-13",79,7,7,"Drama"
80,80,"BLANKET BEVERLY",2.99,"G",80,8,8,"Family"
81,81,"BLINDNESS GUN",4.99,"PG-13",81,14,14,"Sci-Fi"
82,82,"BLOOD ARGONAUTS",0.99,"G",82,8,8,"Family"
83,83,"BLUES INSTINCT",2.99,"G",83,8,8,"Family"
84,84,"BOILED DARES",4.99,"PG",84,16,16,"Travel"
85,85,"BONNIE HOLOCAUST",0.99,"G",85,6,6,"Documentary"
86,86,"BOOGIE AMELIE",4.99,"R",86,12,12,"Music"
87,87,"BOONDOCK BALLROOM",0.99,"NC-17",87,16,16,"Travel"
88,88,"BORN SPINAL",4.99,"PG",88,16,16,"Travel"
89,89,"BORROWERS BEDAZZLED",0.99,"G",89,2,2,"Animation"
90,90,"BOULEVARD MOB",0.99,"R",90,13,13,"New"
91,91,"BOUND CHEAPER",0.99,"PG",91,4,4,"Classics"
92,92,"BOWFINGER GABLES",4.99,"NC-17",92,11,11,"Horror"
93,93,"BRANNIGAN SUNRISE",4.99,"PG",93,13,13,"New"
94,94,"BRAVEHEART HUMAN",2.99,"PG-13",94,8,8,"Family"
95,95,"BREAKFAST GOLDFINGER",4.99,"G",95,13,13,"New"
96,96,"BREAKING HOME",2.99,"PG-13",96,13,13,"New"
97,97,"BRIDE INTRIGUE",0.99,"G",97,1,1,"Action"
98,98,"BRIGHT ENCOUNTERS",4.99,"PG-13",98,7,7,"Drama"
99,99,"BRINGING HYSTERICAL",2.99,"PG",99,5,5,"Comedy"
100,100,"BROOKLYN DESERT",4.99,"R",100,9,9,"Foreign"
101,101,"BROTHERHOOD BLANKET",0.99,"R",101,6,6,"Documentary"
102,102,"BUBBLE GROSSE",4.99,"R",102,15,15,"Sports"
103,103,"BUCKET BROTHERHOOD",4.99,"PG",103,16,16,"Travel"
104,104,"BUGSY SONG",2.99,"G",104,9,9,"Foreign"
105,105,"BULL SHAWSHANK",0.99,"NC-17",105,1,1,"Action"
106,106,"BULWORTH COMMANDMENTS",2.99,"G",106,10,10,"Games"
107,107,"BUNCH MINDS",2.99,"G",107,7,7,"Drama"
108,108,"BUTCH PANTHER",0.99,"PG-13",108,13,13,"New"
109,109,"BUTTERFLY CHOCOLAT",0.99,"G",109,13,13,"New"
110,110,"CABIN FLASH",0.99,"NC-17",110,3,3,"Children"
111,111,"CADDYSHACK JEDI",0.99,"NC-17",111,1,1,"Action"
112,112,"CALENDAR GUNFIGHT",4.99,"NC-17",112,9,9,"Foreign"
113,113,"CALIFORNIA BIRDS",4.99,"NC-17",113,15,15,"Sports"
114,114,"CAMELOT VACATION",0.99,"NC-17",114,14,14,"Sci-Fi"
115,115,"CAMPUS REMEMBER",2.99,"R",115,1,1,"Action"
116,116,"CANDIDATE PERDITION",2.99,"R",116,4,4,"Classics"
117,117,"CANDLES GRAPES",4.99,"NC-17",117,10,10,"Games"
118,118,"CANYON STOCK",0.99,"R",118,2,2,"Animation"
119,119,"CAPER MOTIONS",0.99,"G",119,5,5,"Comedy"
120,120,"CARIBBEAN LIBERTY",4.99,"NC-17",120,15,15,"Sports"
121,121,"CAROL TEXAS",2.99,"PG",121,2,2,"Animation"
122,122,"CARRIE BUNCH",0.99,"PG",122,11,11,"Horror"
123,123,"CASABLANCA SUPER",4.99,"G",123,16,16,"Travel"
124,124,"CASPER DRAGONFLY",4.99,"PG-13",124,3,3,"Children"
125,125,"CASSIDY WYOMING",2.99,"NC-17",125,16,16,"Travel"
126,126,"CASUALTIES ENCINO",4.99,"G",126,1,1,"Action"
127,127,"CAT CONEHEADS",4.99,"G",127,5,5,"Comedy"
128,128,"CATCH AMISTAD",0.99,"G",128,9,9,"Foreign"
129,129,"CAUSE DATE",2.99,"R",129,6,6,"Documentary"
130,130,"CELEBRITY HORN",0.99,"PG-13",130,1,1,"Action"
131,131,"CENTER DINOSAUR",4.99,"PG",131,4,4,"Classics"
132,132,"CHAINSAW UPTOWN",0.99,"PG",132,14,14,"Sci-Fi"
133,133,"CHAMBER ITALIAN",4.99,"NC-17",133,12,12,"Music"
134,134,"CHAMPION FLATLINERS",4.99,"PG",134,2,2,"Animation"
135,135,"CHANCE RESURRECTION",2.99,"R",135,15,15,"Sports"
136,136,"CHAPLIN LICENSE",2.99,"NC-17",136,13,13,"New"
137,137,"CHARADE DUFFEL",2.99,"PG",137,14,14,"Sci-Fi"
138,138,"CHARIOTS CONSPIRACY",2.99,"R",138,14,14,"Sci-Fi"
139,139,"CHASING FIGHT",4.99,"PG",139,8,8,"Family"
140,140,"CHEAPER CLYDE",0.99,"G",140,14,14,"Sci-Fi"
141,141,"CHICAGO NORTH",4.99,"PG-13",141,10,10,"Games"
142,142,"CHICKEN HELLFIGHTERS",0.99,"PG",142,6,6,"Documentary"
143,143,"CHILL LUCK",0.99,"PG",143,7,7,"Drama"
144,144,"CHINATOWN GLADIATOR",4.99,"PG",144,13,13,"New"
145,145,"CHISUM BEHAVIOR",4.99,"G",145,8,8,"Family"
146,146,"CHITTY LOCK",2.99,"G",146,7,7,"Drama"
147,147,"CHOCOLAT HARRY",0.99,"NC-17",147,8,8,"Family"
148,148,"CHOCOLATE DUCK",2.99,"R",148,9,9,"Foreign"
149,149,"CHRISTMAS MOONSHINE",0.99,"NC-17",149,3,3,"Children"
150,150,"CIDER DESIRE",2.99,"PG",150,6,6,"Documentary"
151,151,"CINCINATTI WHISPERER",4.99,"NC-17",151,14,14,"Sci-Fi"
152,152,"CIRCUS YOUTH",2.99,"PG-13",152,3,3,"Children"
153,153,"CITIZEN SHREK",0.99,"G",153,14,14,"Sci-Fi"
154,154,"CLASH FREDDY",2.99,"G",154,2,2,"Animation"
155,155,"CLEOPATRA DEVIL",0.99,"PG-13",155,13,13,"New"
156,156,"CLERKS ANGELS",4.99,"G",156,6,6,"Documentary"
157,157,"CLOCKWORK PARADISE",0.99,"PG-13",157,3,3,"Children"
158,158,"CLONES PINOCCHIO",2.99,"R",158,12,12,"Music"
159,159,"CLOSER BANG",4.99,"R",159,5,5,"Comedy"
160,160,"CLUB GRAFFITI",0.99,"PG-13",160,2,2,"Animation"
161,161,"CLUE GRAIL",4.99,"NC-17",161,12,12,"Music"
162,162,"CLUELESS BUCKET",2.99,"R",162,1,1,"Action"
163,163,"CLYDE THEORY",0.99,"PG-13",163,13,13,"New"
164,164,"COAST RAINBOW",0.99,"PG",164,6,6,"Documentary"
165,165,"COLDBLOODED DARLING",4.99,"G",165,14,14,"Sci-Fi"
166,166,"COLOR PHILADELPHIA",2.99,"G",166,4,4,"Classics"
167,167,"COMA HEAD",4.99,"NC-17",167,16,16,"Travel"
168,168,"COMANCHEROS ENEMY",0.99,"R",168,3,3,"Children"
169,169,"COMFORTS RUSH",2.99,"NC-17",169,16,16,"Travel"
170,170,"COMMAND DARLING",4.99,"PG-13",170,9,9,"Foreign"
171,171,"COMMANDMENTS EXPRESS",4.99,"R",171,11,11,"Horror"
172,172,"CONEHEADS SMOOCHY",4.99,"NC-17",172,7,7,"Drama"
173,173,"CONFESSIONS MAGUIRE",4.99,"PG-13",173,7,7,"Drama"
174,174,"CONFIDENTIAL INTERVIEW",4.99,"NC-17",174,12,12,"Music"
175,175,"CONFUSED CANDLES",2.99,"PG-13",175,8,8,"Family"
176,176,"CONGENIALITY QUEST",0.99,"PG-13",176,15,15,"Sports"
177,177,"CONNECTICUT TRAMP",4.99,"R",177,14,14,"Sci-Fi"
178,178,"CONNECTION MICROCOSMOS",0.99,"G",178,5,5,"Comedy"
179,179,"CONQUERER NUTS",4.99,"G",179,7,7,"Drama"
180,180,"CONSPIRACY SPIRIT",2.99,"PG-13",180,4,4,"Classics"
181,181,"CONTACT ANONYMOUS",2.99,"PG-13",181,16,16,"Travel"
182,182,"CONTROL ANTHEM",4.99,"G",182,5,5,"Comedy"
183,183,"CONVERSATION DOWNHILL",4.99,"R",183,8,8,"Family"
184,184,"CORE SUIT",2.99,"PG-13",184,4,4,"Classics"
185,185,"COWBOY DOOM",2.99,"PG",185,9,9,"Foreign"
186,186,"CRAFT OUTFIELD",0.99,"NC-17",186,7,7,"Drama"
187,187,"CRANES RESERVOIR",2.99,"NC-17",187,15,15,"Sports"
188,188,"CRAZY HOME",2.99,"PG",188,5,5,"Comedy"
189,189,"CREATURES SHAKESPEARE",0.99,"NC-17",189,10,10,"Games"
190,190,"CREEPERS KANE",4.99,"NC-17",190,4,4,"Classics"
191,191,"CROOKED FROGMEN",0.99,"PG-13",191,3,3,"Children"
192,192,"CROSSING DIVORCE",4.99,"R",192,9,9,"Foreign"
193,193,"CROSSROADS CASUALTIES",2.99,"G",193,2,2,"Animation"
194,194,"CROW GREASE",0.99,"PG",194,1,1,"Action"
195,195,"CROWDS TELEMARK",4.99,"R",195,14,14,"Sci-Fi"
196,196,"CRUELTY UNFORGIVEN",0.99,"G",196,4,4,"Classics"
197,197,"CRUSADE HONEY",2.99,"R",197,15,15,"Sports"
198,198,"CRYSTAL BREAKING",2.99,"NC-17",198,9,9,"Foreign"
199,199,"CUPBOARD SINNERS",2.99,"R",199,6,6,"Documentary"
200,200,"CURTAIN VIDEOTAPE",0.99,"PG-13",200,10,10,"Games"
201,201,"CYCLONE FAMILY",2.99,"PG",201,9,9,"Foreign"
202,202,"DADDY PITTSBURGH",4.99,"G",202,5,5,"Comedy"
203,203,"DAISY MENAGERIE",4.99,"G",203,14,14,"Sci-Fi"
204,204,"DALMATIONS SWEDEN",0.99,"PG",204,7,7,"Drama"
205,205,"DANCES NONE",0.99,"NC-17",205,1,1,"Action"
206,206,"DANCING FEVER",0.99,"G",206,6,6,"Documentary"
207,207,"DANGEROUS UPTOWN",4.99,"PG",207,9,9,"Foreign"
208,208,"DARES PLUTO",2.99,"PG-13",208,2,2,"Animation"
209,209,"DARKNESS WAR",2.99,"NC-17",209,7,7,"Drama"
210,210,"DARKO DORADO",4.99,"NC-17",210,1,1,"Action"
211,211,"DARLING BREAKING",4.99,"PG-13",211,10,10,"Games"
212,212,"DARN FORRESTER",4.99,"G",212,1,1,"Action"
213,213,"DATE SPEED",0.99,"R",213,8,8,"Family"
214,214,"DAUGHTER MADIGAN",4.99,"PG-13",214,3,3,"Children"
215,215,"DAWN POND",4.99,"PG",215,10,10,"Games"
216,216,"DAY UNFAITHFUL",4.99,"G",216,13,13,"New"
217,217,"DAZED PUNK",4.99,"G",217,10,10,"Games"
218,218,"DECEIVER BETRAYED",0.99,"NC-17",218,7,7,"Drama"
219,219,"DEEP CRUSADE",4.99,"PG-13",219,6,6,"Documentary"
220,220,"DEER VIRGINIAN",2.99,"NC-17",220,12,12,"Music"
221,221,"DELIVERANCE MULHOLLAND",0.99,"R",221,6,6,"Documentary"
222,222,"DESERT POSEIDON",4.99,"R",222,11,11,"Horror"
223,223,"DESIRE ALIEN",2.99,"NC-17",223,2,2,"Animation"
224,224,"DESPERATE TRAINSPOTTING",4.99,"G",224,16,16,"Travel"
225,225,"DESTINATION JERK",0.99,"PG-13",225,7,7,"Drama"
226,226,"DESTINY SATURDAY",4.99,"G",226,13,13,"New"
227,227,"DETAILS PACKER",4.99,"R",227,10,10,"Games"
228,228,"DETECTIVE VISION",0.99,"PG-13",228,4,4,"Classics"
229,229,"DEVIL DESIRE",4.99,"R",229,1,1,"Action"
230,230,"DIARY PANIC",2.99,"G",230,7,7,"Drama"
231,231,"DINOSAUR SECRETARY",2.99,"R",231,8,8,"Family"
232,232,"DIRTY ACE",2.99,"NC-17",232,10,10,"Games"
233,233,"DISCIPLE MOTHER",0.99,"PG",233,16,16,"Travel"
234,234,"DISTURBING SCARFACE",2.99,"R",234,14,14,"Sci-Fi"
235,235,"DIVIDE MONSTER",2.99,"PG-13",235,14,14,"Sci-Fi"
236,236,"DIVINE RESURRECTION",2.99,"R",236,10,10,"Games"
237,237,"DIVORCE SHINING",2.99,"G",237,15,15,"Sports"
238,238,"DOCTOR GRAIL",2.99,"G",238,3,3,"Children"
239,239,"DOGMA FAMILY",4.99,"G",239,2,2,"Animation"
240,240,"DOLLS RAGE",2.99,"PG-13",240,14,14,"Sci-Fi"
241,241,"DONNIE ALLEY",0.99,"NC-17",241,2,2,"Animation"
242,242,"DOOM DANCING",0.99,"R",242,5,5,"Comedy"
243,243,"DOORS PRESIDENT",4.99,"NC-17",243,2,2,"Animation"
244,244,"DORADO NOTTING",4.99,"NC-17",244,12,12,"Music"
245,245,"DOUBLE WRATH",0.99,"R",245,2,2,"Animation"
246,246,"DOUBTFIRE LABYRINTH",4.99,"R",246,9,9,"Foreign"
247,247,"DOWNHILL ENOUGH",0.99,"G",247,5,5,"Comedy"
248,248,"DOZEN LION",4.99,"NC-17",248,6,6,"Documentary"
249,249,"DRACULA CRYSTAL",0.99,"G",249,4,4,"Classics"
250,250,"DRAGON SQUAD",0.99,"NC-17",250,1,1,"Action"
251,251,"DRAGONFLY STRANGERS",4.99,"NC-17",251,13,13,"New"
252,252,"DREAM PICKUP",2.99,"PG",252,1,1,"Action"
253,253,"DRIFTER COMMANDMENTS",4.99,"PG-13",253,1,1,"Action"
254,254,"DRIVER ANNIE",2.99,"PG-13",254,15,15,"Sports"
255,255,"DRIVING POLISH",4.99,"NC-17",255,12,12,"Music"
256,256,"DROP WATERFRONT",4.99,"R",256,15,15,"Sports"
257,257,"DRUMLINE CYCLONE",0.99,"G",257,16,16,"Travel"
258,258,"DRUMS DYNAMITE",0.99,"PG",258,11,11,"Horror"
259,259,"DUCK RACER",2.99,"NC-17",259,2,2,"Animation"
260,260,"DUDE BLINDNESS",4.99,"G",260,15,15,"Sports"
261,261,"DUFFEL APOCALYPSE",0.99,"G",261,6,6,"Documentary"
262,262,"DUMBO LUST",0.99,"NC-17",262,8,8,"Family"
263,263,"DURHAM PANKY",4.99,"R",263,15,15,"Sports"
264,264,"DWARFS ALTER",2.99,"G",264,10,10,"Games"
265,265,"DYING MAKER",4.99,"PG",265,5,5,"Comedy"
266,266,"DYNAMITE TARZAN",0.99,"PG-13",266,4,4,"Classics"
267,267,"EAGLES PANKY",4.99,"NC-17",267,13,13,"New"
268,268,"EARLY HOME",4.99,"NC-17",268,2,2,"Animation"
269,269,"EARRING INSTINCT",0.99,"R",269,8,8,"Family"
270,270,"EARTH VISION",0.99,"NC-17",270,13,13,"New"
271,271,"EASY GLADIATOR",4.99,"G",271,1,1,"Action"
272,272,"EDGE KISSING",4.99,"NC-17",272,7,7,"Drama"
273,273,"EFFECT GLADIATOR",0.99,"PG",273,8,8,"Family"
274,274,"EGG IGBY",2.99,"PG",274,6,6,"Documentary"
275,275,"EGYPT TENENBAUMS",0.99,"PG",275,11,11,"Horror"
276,276,"ELEMENT FREDDY",4.99,"NC-17",276,5,5,"Comedy"
277,277,"ELEPHANT TROJAN",4.99,"PG-13",277,11,11,"Horror"
278,278,"ELF MURDER",4.99,"NC-17",278,12,12,"Music"
279,279,"ELIZABETH SHANE",4.99,"NC-17",279,15,15,"Sports"
280,280,"EMPIRE MALKOVICH",0.99,"G",280,3,3,"Children"
281,281,"ENCINO ELF",0.99,"G",281,10,10,"Games"
282,282,"ENCOUNTERS CURTAIN",0.99,"NC-17",282,7,7,"Drama"
283,283,"ENDING CROWDS",0.99,"NC-17",283,13,13,"New"
284,284,"ENEMY ODDS",4.99,"NC-17",284,12,12,"Music"
285,285,"ENGLISH BULWORTH",0.99,"PG-13",285,14,14,"Sci-Fi"
286,286,"ENOUGH RAGING",2.99,"NC-17",286,16,16,"Travel"
287,287,"ENTRAPMENT SATISFACTION",0.99,"R",287,1,1,"Action"
288,288,"ESCAPE METROPOLIS",2.99,"R",288,16,16,"Travel"
289,289,"EVE RESURRECTION",4.99,"G",289,13,13,"New"
290,290,"EVERYONE CRAFT",0.99,"PG",290,9,9,"Foreign"
291,291,"EVOLUTION ALTER",0.99,"PG-13",291,15,15,"Sports"
292,292,"EXCITEMENT EVE",0.99,"G",292,1,1,"Action"
293,293,"EXORCIST STING",2.99,"G",293,15,15,"Sports"
294,294,"EXPECATIONS NATURAL",4.99,"PG-13",294,16,16,"Travel"
295,295,"EXPENDABLE STALLION",0.99,"PG",295,6,6,"Documentary"
296,296,"EXPRESS LONELY",2.99,"R",296,14,14,"Sci-Fi"
297,297,"EXTRAORDINARY CONQUERER",2.99,"G",297,4,4,"Classics"
298,298,"EYES DRIVING",2.99,"PG-13",298,14,14,"Sci-Fi"
299,299,"FACTORY DRAGON",0.99,"PG-13",299,16,16,"Travel"
300,300,"FALCON VOLUME",4.99,"PG-13",300,2,2,"Animation"
301,301,"FAMILY SWEET",0.99,"R",301,11,11,"Horror"
302,302,"FANTASIA PARK",2.99,"G",302,10,10,"Games"
303,303,"FANTASY TROOPERS",0.99,"PG-13",303,1,1,"Action"
304,304,"FARGO GANDHI",2.99,"G",304,3,3,"Children"
305,305,"FATAL HAUNTED",2.99,"PG",305,13,13,"New"
306,306,"FEATHERS METAL",0.99,"PG-13",306,10,10,"Games"
307,307,"FELLOWSHIP AUTUMN",4.99,"NC-17",307,16,16,"Travel"
308,308,"FERRIS MOTHER",2.99,"PG",308,5,5,"Comedy"
309,309,"FEUD FROGMEN",0.99,"R",309,8,8,"Family"
310,310,"FEVER EMPIRE",4.99,"R",310,10,10,"Games"
311,311,"FICTION CHRISTMAS",0.99,"PG",311,9,9,"Foreign"
312,312,"FIDDLER LOST",4.99,"R",312,14,14,"Sci-Fi"
313,313,"FIDELITY DEVIL",4.99,"G",313,11,11,"Horror"
314,314,"FIGHT JAWBREAKER",0.99,"R",314,2,2,"Animation"
315,315,"FINDING ANACONDA",0.99,"R",315,8,8,"Family"
316,316,"FIRE WOLVES",4.99,"R",316,10,10,"Games"
317,317,"FIREBALL PHILADELPHIA",0.99,"PG",317,5,5,"Comedy"
318,318,"FIREHOUSE VIETNAM",0.99,"G",318,1,1,"Action"
319,319,"FISH OPUS",2.99,"R",319,14,14,"Sci-Fi"
320,320,"FLAMINGOS CONNECTICUT",4.99,"PG-13",320,13,13,"New"
321,321,"FLASH WARS",4.99,"NC-17",321,13,13,"New"
322,322,"FLATLINERS KILLER",2.99,"G",322,15,15,"Sports"
323,323,"FLIGHT LIES",4.99,"R",323,15,15,"Sports"
324,324,"FLINTSTONES HAPPINESS",4.99,"PG-13",324,5,5,"Comedy"
325,325,"FLOATS GARDEN",2.99,"PG-13",325,2,2,"Animation"
326,326,"FLYING HOOK",2.99,"NC-17",326,2,2,"Animation"
327,327,"FOOL MOCKINGBIRD",4.99,"PG",327,1,1,"Action"
328,328,"FOREVER CANDIDATE",2.99,"NC-17",328,3,3,"Children"
329,329,"FORREST SONS",2.99,"R",329,1,1,"Action"
330,330,"FORRESTER COMANCHEROS",4.99,"NC-17",330,2,2,"Animation"
331,331,"FORWARD TEMPLE",2.99,"NC-17",331,10,10,"Games"
332,332,"FRANKENSTEIN STRANGER",0.99,"NC-17",332,5,5,"Comedy"
333,333,"FREAKY POCUS",2.99,"R",333,12,12,"Music"
334,334,"FREDDY STORM",4.99,"NC-17",334,11,11,"Horror"
335,335,"FREEDOM CLEOPATRA",0.99,"PG-13",335,5,5,"Comedy"
336,336,"FRENCH HOLIDAY",4.99,"PG",336,6,6,"Documentary"
337,337,"FRIDA SLIPPER",2.99,"R",337,9,9,"Foreign"
338,338,"FRISCO FORREST",4.99,"PG",338,14,14,"Sci-Fi"
339,339,"FROGMEN BREAKING",0.99,"R",339,16,16,"Travel"
340,340,"FRONTIER CABIN",4.99,"PG-13",340,13,13,"New"
341,341,"FROST HEAD",0.99,"PG",341,4,4,"Classics"
342,342,"FUGITIVE MAGUIRE",4.99,"R",342,16,16,"Travel"
343,343,"FULL FLATLINERS",2.99,"PG",343,3,3,"Children"
344,344,"FURY MURDER",0.99,"PG-13",344,3,3,"Children"
345,345,"GABLES METROPOLIS",0.99,"PG",345,8,8,"Family"
346,346,"GALAXY SWEETHEARTS",4.99,"R",346,4,4,"Classics"
347,347,"GAMES BOWFINGER",4.99,"PG-13",347,16,16,"Travel"
348,348,"GANDHI KWAI",0.99,"PG-13",348,8,8,"Family"
349,349,"GANGS PRIDE",2.99,"PG-13",349,2,2,"Animation"
350,350,"GARDEN ISLAND",4.99,"G",350,14,14,"Sci-Fi"
351,351,"GASLIGHT CRUSADE",2.99,"PG",351,11,11,"Horror"
352,352,"GATHERING CALENDAR",0.99,"PG-13",352,10,10,"Games"
353,353,"GENTLEMEN STAGE",2.99,"NC-17",353,9,9,"Foreign"
354,354,"GHOST GROUNDHOG",4.99,"G",354,3,3,"Children"
355,355,"GHOSTBUSTERS ELF",0.99,"R",355,2,2,"Animation"
356,356,"GIANT TROOPERS",2.99,"R",356,3,3,"Children"
357,357,"GILBERT PELICAN",0.99,"G",357,4,4,"Classics"
358,358,"GILMORE BOILED",0.99,"R",358,4,4,"Classics"
359,359,"GLADIATOR WESTWARD",4.99,"PG",359,8,8,"Family"
360,360,"GLASS DYING",0.99,"G",360,1,1,"Action"
361,361,"GLEAMING JAWBREAKER",2.99,"NC-17",361,15,15,"Sports"
362,362,"GLORY TRACY",2.99,"PG-13",362,10,10,"Games"
363,363,"GO PURPLE",0.99,"R",363,12,12,"Music"
364,364,"GODFATHER DIARY",2.99,"NC-17",364,13,13,"New"
365,365,"GOLD RIVER",4.99,"R",365,5,5,"Comedy"
366,366,"GOLDFINGER SENSIBILITY",0.99,"G",366,7,7,"Drama"
367,367,"GOLDMINE TYCOON",0.99,"R",367,14,14,"Sci-Fi"
368,368,"GONE TROUBLE",2.99,"R",368,7,7,"Drama"
369,369,"GOODFELLAS SALUTE",4.99,"PG",369,14,14,"Sci-Fi"
370,370,"GORGEOUS BINGO",2.99,"R",370,3,3,"Children"
371,371,"GOSFORD DONNIE",4.99,"G",371,1,1,"Action"
372,372,"GRACELAND DYNAMITE",4.99,"R",372,15,15,"Sports"
373,373,"GRADUATE LORD",2.99,"G",373,3,3,"Children"
374,374,"GRAFFITI LOVE",0.99,"PG",374,14,14,"Sci-Fi"
375,375,"GRAIL FRANKENSTEIN",2.99,"NC-17",375,1,1,"Action"
376,376,"GRAPES FURY",0.99,"G",376,9,9,"Foreign"
377,377,"GREASE YOUTH",0.99,"G",377,8,8,"Family"
378,378,"GREATEST NORTH",2.99,"NC-17",378,12,12,"Music"
379,379,"GREEDY ROOTS",0.99,"R",379,7,7,"Drama"
380,380,"GREEK EVERYONE",2.99,"PG",380,9,9,"Foreign"
381,381,"GRINCH MASSAGE",4.99,"R",381,10,10,"Games"
382,382,"GRIT CLOCKWORK",0.99,"PG",382,10,10,"Games"
383,383,"GROOVE FICTION",0.99,"NC-17",383,15,15,"Sports"
384,384,"GROSSE WONDERFUL",4.99,"R",384,12,12,"Music"
385,385,"GROUNDHOG UNCUT",4.99,"PG-13",385,5,5,"Comedy"
386,386,"GUMP DATE",4.99,"NC-17",386,16,16,"Travel"
387,387,"GUN BONNIE",0.99,"G",387,10,10,"Games"
388,388,"GUNFIGHT MOON",0.99,"NC-17",388,5,5,"Comedy"
389,389,"GUNFIGHTER MUSSOLINI",2.99,"PG-13",389,15,15,"Sports"
390,390,"GUYS FALCON",4.99,"R",390,14,14,"Sci-Fi"
391,391,"HALF OUTFIELD",2.99,"PG-13",391,8,8,"Family"
392,392,"HALL CASSIDY",4.99,"NC-17",392,3,3,"Children"
393,393,"HALLOWEEN NUTS",2.99,"PG-13",393,6,6,"Documentary"
394,394,"HAMLET WISDOM",2.99,"R",394,14,14,"Sci-Fi"
395,395,"HANDICAP BOONDOCK",0.99,"R",395,1,1,"Action"
396,396,"HANGING DEEP",4.99,"G",396,7,7,"Drama"
397,397,"HANKY OCTOBER",2.99,"NC-17",397,14,14,"Sci-Fi"
398,398,"HANOVER GALAXY",4.99,"NC-17",398,12,12,"Music"
399,399,"HAPPINESS UNITED",2.99,"G",399,9,9,"Foreign"
400,400,"HARDLY ROBBERS",2.99,"R",400,6,6,"Documentary"
401,401,"HAROLD FRENCH",0.99,"NC-17",401,7,7,"Drama"
402,402,"HARPER DYING",0.99,"G",402,2,2,"Animation"
403,403,"HARRY IDAHO",4.99,"PG-13",403,7,7,"Drama"
404,404,"HATE HANDICAP",0.99,"PG",404,5,5,"Comedy"
405,405,"HAUNTED ANTITRUST",4.99,"NC-17",405,16,16,"Travel"
406,406,"HAUNTING PIANIST",0.99,"R",406,10,10,"Games"
407,407,"HAWK CHILL",0.99,"PG-13",407,6,6,"Documentary"
408,408,"HEAD STRANGER",4.99,"R",408,10,10,"Games"
409,409,"HEARTBREAKERS BRIGHT",4.99,"G",409,3,3,"Children"
410,410,"HEAVEN FREEDOM",2.99,"PG",410,5,5,"Comedy"
411,411,"HEAVENLY GUN",4.99,"NC-17",411,12,12,"Music"
412,412,"HEAVYWEIGHTS BEAST",4.99,"G",412,6,6,"Documentary"
413,413,"HEDWIG ALTER",2.99,"NC-17",413,5,5,"Comedy"
414,414,"HELLFIGHTERS SIERRA",2.99,"PG",414,9,9,"Foreign"
415,415,"HIGH ENCINO",2.99,"R",415,11,11,"Horror"
416,416,"HIGHBALL POTTER",0.99,"R",416,9,9,"Foreign"
417,417,"HILLS NEIGHBORS",0.99,"G",417,1,1,"Action"
418,418,"HOBBIT ALIEN",0.99,"PG-13",418,7,7,"Drama"
419,419,"HOCUS FRIDA",2.99,"G",419,8,8,"Family"
420,420,"HOLES BRANNIGAN",4.99,"PG",420,15,15,"Sports"
421,421,"HOLIDAY GAMES",4.99,"PG-13",421,9,9,"Foreign"
422,422,"HOLLOW JEOPARDY",4.99,"NC-17",422,14,14,"Sci-Fi"
423,423,"HOLLYWOOD ANONYMOUS",0.99,"PG",423,3,3,"Children"
424,424,"HOLOCAUST HIGHBALL",0.99,"R",424,3,3,"Children"
425,425,"HOLY TADPOLE",0.99,"R",425,4,4,"Classics"
426,426,"HOME PITY",4.99,"R",426,12,12,"Music"
427,427,"HOMEWARD CIDER",0.99,"R",427,6,6,"Documentary"
428,428,"HOMICIDE PEACH",2.99,"PG-13",428,8,8,"Family"
429,429,"HONEY TIES",0.99,"R",429,15,15,"Sports"
430,430,"HOOK CHARIOTS",0.99,"G",430,2,2,"Animation"
431,431,"HOOSIERS BIRDCAGE",2.99,"G",431,9,9,"Foreign"
432,432,"HOPE TOOTSIE",2.99,"NC-17",432,4,4,"Classics"
433,433,"HORN WORKING",2.99,"PG",433,2,2,"Animation"
434,434,"HORROR REIGN",0.99,"R",434,16,16,"Travel"
435,435,"HOTEL HAPPINESS",4.99,"PG-13",435,9,9,"Foreign"
436,436,"HOURS RAGE",0.99,"NC-17",436,13,13,"New"
437,437,"HOUSE DYNAMITE",2.99,"R",437,8,8,"Family"
438,438,"HUMAN GRAFFITI",2.99,"NC-17",438,10,10,"Games"
439,439,"HUNCHBACK IMPOSSIBLE",4.99,"PG-13",439,7,7,"Drama"
440,440,"HUNGER ROOF",0.99,"G",440,9,9,"Foreign"
441,441,"HUNTER ALTER",2.99,"PG-13",441,6,6,"Documentary"
442,442,"HUNTING MUSKETEERS",2.99,"NC-17",442,8,8,"Family"
443,443,"HURRICANE AFFAIR",2.99,"PG",443,5,5,"Comedy"
444,444,"HUSTLER PARTY",4.99,"NC-17",444,5,5,"Comedy"
445,445,"HYDE DOCTOR",2.99,"G",445,4,4,"Classics"
446,446,"HYSTERICAL GRAIL",4.99,"PG",446,15,15,"Sports"
447,447,"ICE CROSSING",2.99,"R",447,10,10,"Games"
448,448,"IDAHO LOVE",2.99,"PG-13",448,13,13,"New"
449,449,"IDENTITY LOVER",2.99,"PG-13",449,14,14,"Sci-Fi"
450,450,"IDOLS SNATCHERS",2.99,"NC-17",450,3,3,"Children"
451,451,"IGBY MAKER",4.99,"NC-17",451,16,16,"Travel"
452,452,"ILLUSION AMELIE",0.99,"R",452,9,9,"Foreign"
453,453,"IMAGE PRINCESS",2.99,"PG-13",453,15,15,"Sports"
454,454,"IMPACT ALADDIN",0.99,"PG-13",454,12,12,"Music"
455,455,"IMPOSSIBLE PREJUDICE",4.99,"NC-17",455,9,9,"Foreign"
456,456,"INCH JET",4.99,"NC-17",456,2,2,"Animation"
457,457,"INDEPENDENCE HOTEL",0.99,"NC-17",457,6,6,"Documentary"
458,458,"INDIAN LOVE",0.99,"NC-17",458,8,8,"Family"
459,459,"INFORMER DOUBLE",4.99,"NC-17",459,9,9,"Foreign"
460,460,"INNOCENT USUAL",4.99,"PG-13",460,9,9,"Foreign"
461,461,"INSECTS STONE",0.99,"NC-17",461,2,2,"Animation"
462,462,"INSIDER ARIZONA",2.99,"NC-17",462,12,12,"Music"
463,463,"INSTINCT AIRPORT",2.99,"PG",463,15,15,"Sports"
464,464,"INTENTIONS EMPIRE",2.99,"PG-13",464,2,2,"Animation"
465,465,"INTERVIEW LIAISONS",4.99,"R",465,13,13,"New"
466,466,"INTOLERABLE INTENTIONS",4.99,"PG-13",466,6,6,"Documentary"
467,467,"INTRIGUE WORST",0.99,"G",467,9,9,"Foreign"
468,468,"INVASION CYCLONE",2.99,"PG",468,3,3,"Children"
469,469,"IRON MOON",4.99,"PG",469,4,4,"Classics"
470,470,"ISHTAR ROCKETEER",4.99,"R",470,2,2,"Animation"
471,471,"ISLAND EXORCIST",2.99,"NC-17",471,4,4,"Classics"
472,472,"ITALIAN AFRICAN",4.99,"G",472,16,16,"Travel"
473,473,"JACKET FRISCO",2.99,"PG-13",473,7,7,"Drama"
474,474,"JADE BUNCH",2.99,"NC-17",474,15,15,"Sports"
475,475,"JAPANESE RUN",0.99,"G",475,11,11,"Horror"
476,476,"JASON TRAP",2.99,"NC-17",476,8,8,"Family"
477,477,"JAWBREAKER BROOKLYN",0.99,"PG",477,12,12,"Music"
478,478,"JAWS HARRY",2.99,"G",478,5,5,"Comedy"
479,479,"JEDI BENEATH",0.99,"PG",479,8,8,"Family"
480,480,"JEEPERS WEDDING",2.99,"R",480,4,4,"Classics"
481,481,"JEKYLL FROGMEN",2.99,"PG",481,13,13,"New"
482,482,"JEOPARDY ENCINO",0.99,"R",482,4,4,"Classics"
483,483,"JERICHO MULAN",2.99,"NC-17",483,10,10,"Games"
484,484,"JERK PAYCHECK",2.99,"NC-17",484,4,4,"Classics"
485,485,"JERSEY SASSY",4.99,"PG",485,3,3,"Children"
486,486,"JET NEIGHBORS",4.99,"R",486,9,9,"Foreign"
487,487,"JINGLE SAGEBRUSH",4.99,"PG-13",487,4,4,"Classics"
488,488,"JOON NORTHWEST",0.99,"NC-17",488,15,15,"Sports"
489,489,"JUGGLER HARDLY",0.99,"PG-13",489,2,2,"Animation"
490,490,"JUMANJI BLADE",2.99,"G",490,13,13,"New"
491,491,"JUMPING WRATH",0.99,"NC-17",491,3,3,"Children"
492,492,"JUNGLE CLOSER",0.99,"NC-17",492,13,13,"New"
493,493,"KANE EXORCIST",0.99,"R",493,9,9,"Foreign"
494,494,"KARATE MOON",0.99,"PG-13",494,11,11,"Horror"
495,495,"KENTUCKIAN GIANT",2.99,"PG",495,11,11,"Horror"
496,496,"KICK SAVANNAH",0.99,"PG-13",496,16,16,"Travel"
497,497,"KILL BROTHERHOOD",0.99,"G",497,6,6,"Documentary"
498,498,"KILLER INNOCENT",2.99,"R",498,8,8,"Family"
499,499,"KING EVOLUTION",4.99,"NC-17",499,8,8,"Family"
500,500,"KISS GLORY",4.99,"PG-13",500,9,9,"Foreign"
501,501,"KISSING DOLLS",4.99,"R",501,1,1,"Action"
502,502,"KNOCK WARLOCK",2.99,"PG-13",502,5,5,"Comedy"
503,503,"KRAMER CHOCOLATE",2.99,"R",503,15,15,"Sports"
504,504,"KWAI HOMEWARD",0.99,"PG-13",504,7,7,"Drama"
505,505,"LABYRINTH LEAGUE",2.99,"PG-13",505,3,3,"Children"
506,506,"LADY STAGE",4.99,"PG",506,11,11,"Horror"
507,507,"LADYBUGS ARMAGEDDON",0.99,"NC-17",507,10,10,"Games"
508,508,"LAMBS CINCINATTI",4.99,"PG-13",508,10,10,"Games"
509,509,"LANGUAGE COWBOY",0.99,"NC-17",509,3,3,"Children"
510,510,"LAWLESS VISION",4.99,"G",510,2,2,"Animation"
511,511,"LAWRENCE LOVE",0.99,"NC-17",511,1,1,"Action"
512,512,"LEAGUE HELLFIGHTERS",4.99,"PG-13",512,4,4,"Classics"
513,513,"LEATHERNECKS DWARFS",2.99,"PG-13",513,16,16,"Travel"
514,514,"LEBOWSKI SOLDIERS",2.99,"PG-13",514,7,7,"Drama"
515,515,"LEGALLY SECRETARY",4.99,"PG",515,3,3,"Children"
516,516,"LEGEND JEDI",0.99,"PG",516,12,12,"Music"
517,517,"LESSON CLEOPATRA",0.99,"NC-17",517,15,15,"Sports"
518,518,"LIAISONS SWEET",4.99,"PG",518,16,16,"Travel"
519,519,"LIBERTY MAGNIFICENT",2.99,"G",519,15,15,"Sports"
520,520,"LICENSE WEEKEND",2.99,"NC-17",520,14,14,"Sci-Fi"
521,521,"LIES TREATMENT",4.99,"NC-17",521,7,7,"Drama"
522,522,"LIFE TWISTED",2.99,"NC-17",522,5,5,"Comedy"
523,523,"LIGHTS DEER",0.99,"R",523,4,4,"Classics"
524,524,"LION UNCUT",0.99,"PG",524,5,5,"Comedy"
525,525,"LOATHING LEGALLY",0.99,"R",525,4,4,"Classics"
526,526,"LOCK REAR",2.99,"R",526,16,16,"Travel"
527,527,"LOLA AGENT",4.99,"PG",527,11,11,"Horror"
528,528,"LOLITA WORLD",2.99,"NC-17",528,8,8,"Family"
529,529,"LONELY ELEPHANT",2.99,"G",529,5,5,"Comedy"
530,530,"LORD ARIZONA",2.99,"PG-13",530,1,1,"Action"
531,531,"LOSE INCH",0.99,"R",531,9,9,"Foreign"
532,532,"LOSER HUSTLER",4.99,"PG",532,15,15,"Sports"
533,533,"LOST BIRD",2.99,"PG-13",533,9,9,"Foreign"
534,534,"LOUISIANA HARRY",0.99,"PG-13",534,8,8,"Family"
535,535,"LOVE SUICIDES",0.99,"R",535,11,11,"Horror"
536,536,"LOVELY JINGLE",2.99,"PG",536,4,4,"Classics"
537,537,"LOVER TRUMAN",2.99,"G",537,4,4,"Classics"
538,538,"LOVERBOY ATTACKS",0.99,"PG-13",538,13,13,"New"
539,539,"LUCK OPUS",2.99,"NC-17",539,7,7,"Drama"
540,540,"LUCKY FLYING",2.99,"PG-13",540,12,12,"Music"
541,541,"LUKE MUMMY",2.99,"NC-17",541,2,2,"Animation"
542,542,"LUST LOCK",2.99,"G",542,1,1,"Action"
543,543,"MADIGAN DORADO",4.99,"R",543,16,16,"Travel"
544,544,"MADISON TRAP",2.99,"R",544,6,6,"Documentary"
545,545,"MADNESS ATTACKS",0.99,"PG-13",545,9,9,"Foreign"
546,546,"MADRE GABLES",2.99,"PG-13",546,10,10,"Games"
547,547,"MAGIC MALLRATS",0.99,"PG",547,3,3,"Children"
548,548,"MAGNIFICENT CHITTY",2.99,"R",548,4,4,"Classics"
549,549,"MAGNOLIA FORRESTER",0.99,"PG-13",549,1,1,"Action"
550,550,"MAGUIRE APACHE",2.99,"NC-17",550,8,8,"Family"
551,551,"MAIDEN HOME",4.99,"PG",551,13,13,"New"
552,552,"MAJESTIC FLOATS",0.99,"PG",552,6,6,"Documentary"
553,553,"MAKER GABLES",0.99,"PG-13",553,3,3,"Children"
554,554,"MALKOVICH PET",2.99,"G",554,4,4,"Classics"
555,555,"MALLRATS UNITED",0.99,"PG",555,5,5,"Comedy"
556,556,"MALTESE HOPE",4.99,"PG-13",556,10,10,"Games"
557,557,"MANCHURIAN CURTAIN",2.99,"PG",557,8,8,"Family"
558,558,"MANNEQUIN WORST",2.99,"PG-13",558,13,13,"New"
559,559,"MARRIED GO",2.99,"G",559,14,14,"Sci-Fi"
560,560,"MARS ROMAN",0.99,"NC-17",560,10,10,"Games"
561,561,"MASK PEACH",2.99,"NC-17",561,13,13,"New"
562,562,"MASKED BUBBLE",0.99,"PG-13",562,12,12,"Music"
563,563,"MASSACRE USUAL",4.99,"R",563,10,10,"Games"
564,564,"MASSAGE IMAGE",2.99,"PG",564,2,2,"Animation"
565,565,"MATRIX SNOWMAN",4.99,"PG-13",565,9,9,"Foreign"
566,566,"MAUDE MOD",0.99,"R",566,9,9,"Foreign"
567,567,"MEET CHOCOLATE",2.99,"G",567,9,9,"Foreign"
568,568,"MEMENTO ZOOLANDER",4.99,"NC-17",568,5,5,"Comedy"
569,569,"MENAGERIE RUSHMORE",2.99,"G",569,2,2,"Animation"
570,570,"MERMAID INSECTS",4.99,"NC-17",570,15,15,"Sports"
571,571,"METAL ARMAGEDDON",2.99,"PG-13",571,6,6,"Documentary"
572,572,"METROPOLIS COMA",2.99,"PG-13",572,14,14,"Sci-Fi"
573,573,"MICROCOSMOS PARADISE",2.99,"PG-13",573,3,3,"Children"
574,574,"MIDNIGHT WESTWARD",0.99,"G",574,1,1,"Action"
575,575,"MIDSUMMER GROUNDHOG",4.99,"G",575,6,6,"Documentary"
576,576,"MIGHTY LUCK",2.99,"PG",576,6,6,"Documentary"
577,577,"MILE MULAN",0.99,"PG",577,15,15,"Sports"
578,578,"MILLION ACE",4.99,"PG-13",578,4,4,"Classics"
579,579,"MINDS TRUMAN",4.99,"PG-13",579,1,1,"Action"
580,580,"MINE TITANS",4.99,"PG-13",580,13,13,"New"
581,581,"MINORITY KISS",0.99,"G",581,12,12,"Music"
582,582,"MIRACLE VIRTUAL",2.99,"PG-13",582,2,2,"Animation"
583,583,"MISSION ZOOLANDER",4.99,"PG-13",583,2,2,"Animation"
584,584,"MIXED DOORS",2.99,"PG-13",584,9,9,"Foreign"
585,585,"MOB DUFFEL",0.99,"G",585,7,7,"Drama"
586,586,"MOCKINGBIRD HOLLYWOOD",0.99,"PG",586,1,1,"Action"
587,587,"MOD SECRETARY",4.99,"NC-17",587,6,6,"Documentary"
588,588,"MODEL FISH",4.99,"NC-17",588,3,3,"Children"
589,589,"MODERN DORADO",0.99,"PG",589,6,6,"Documentary"
590,590,"MONEY HAROLD",2.99,"PG",590,13,13,"New"
591,591,"MONSOON CAUSE",4.99,"PG",591,10,10,"Games"
592,592,"MONSTER SPARTACUS",2.99,"PG",592,12,12,"Music"
593,593,"MONTEREY LABYRINTH",0.99,"G",593,11,11,"Horror"
594,594,"MONTEZUMA COMMAND",0.99,"NC-17",594,1,1,"Action"
595,595,"MOON BUNCH",0.99,"PG",595,9,9,"Foreign"
596,596,"MOONSHINE CABIN",4.99,"PG-13",596,10,10,"Games"
597,597,"MOONWALKER FOOL",4.99,"G",597,10,10,"Games"
598,598,"MOSQUITO ARMAGEDDON",0.99,"G",598,15,15,"Sports"
599,599,"MOTHER OLEANDER",0.99,"R",599,15,15,"Sports"
600,600,"MOTIONS DETAILS",0.99,"PG",600,11,11,"Horror"
601,601,"MOULIN WAKE",0.99,"PG-13",601,16,16,"Travel"
602,602,"MOURNING PURPLE",0.99,"PG",602,14,14,"Sci-Fi"
603,603,"MOVIE SHAKESPEARE",4.99,"PG",603,8,8,"Family"
604,604,"MULAN MOON",0.99,"G",604,5,5,"Comedy"
605,605,"MULHOLLAND BEAST",2.99,"PG",605,9,9,"Foreign"
606,606,"MUMMY CREATURES",0.99,"NC-17",606,15,15,"Sports"
607,607,"MUPPET MILE",4.99,"PG",607,9,9,"Foreign"
608,608,"MURDER ANTITRUST",2.99,"PG",608,3,3,"Children"
609,609,"MUSCLE BRIGHT",2.99,"G",609,16,16,"Travel"
610,610,"MUSIC BOONDOCK",0.99,"R",610,8,8,"Family"
611,611,"MUSKETEERS WAIT",4.99,"PG",611,4,4,"Classics"
612,612,"MUSSOLINI SPOILERS",2.99,"G",612,15,15,"Sports"
613,613,"MYSTIC TRUMAN",0.99,"NC-17",613,5,5,"Comedy"
614,614,"NAME DETECTIVE",4.99,"PG-13",614,10,10,"Games"
615,615,"NASH CHOCOLAT",2.99,"PG-13",615,2,2,"Animation"
616,616,"NATIONAL STORY",2.99,"NC-17",616,6,6,"Documentary"
617,617,"NATURAL STOCK",0.99,"PG-13",617,8,8,"Family"
618,618,"NECKLACE OUTBREAK",0.99,"PG",618,7,7,"Drama"
619,619,"NEIGHBORS CHARADE",0.99,"R",619,15,15,"Sports"
620,620,"NEMO CAMPUS",2.99,"NC-17",620,14,14,"Sci-Fi"
621,621,"NETWORK PEAK",2.99,"PG-13",621,8,8,"Family"
622,622,"NEWSIES STORY",0.99,"G",622,6,6,"Documentary"
623,623,"NEWTON LABYRINTH",0.99,"PG",623,9,9,"Foreign"
624,624,"NIGHTMARE CHILL",4.99,"PG",624,10,10,"Games"
625,625,"NONE SPIKING",0.99,"NC-17",625,14,14,"Sci-Fi"
626,626,"NOON PAPI",2.99,"G",626,3,3,"Children"
627,627,"NORTH TEQUILA",4.99,"NC-17",627,6,6,"Documentary"
628,628,"NORTHWEST POLISH",2.99,"PG",628,15,15,"Sports"
629,629,"NOTORIOUS REUNION",0.99,"NC-17",629,6,6,"Documentary"
630,630,"NOTTING SPEAKEASY",0.99,"PG-13",630,7,7,"Drama"
631,631,"NOVOCAINE FLIGHT",0.99,"G",631,15,15,"Sports"
632,632,"NUTS TIES",4.99,"NC-17",632,13,13,"New"
633,633,"OCTOBER SUBMARINE",4.99,"PG-13",633,4,4,"Classics"
634,634,"ODDS BOOGIE",0.99,"NC-17",634,8,8,"Family"
635,635,"OKLAHOMA JUMANJI",0.99,"PG",635,13,13,"New"
636,636,"OLEANDER CLUE",0.99,"PG",636,12,12,"Music"
637,637,"OPEN AFRICAN",4.99,"PG",637,14,14,"Sci-Fi"
638,638,"OPERATION OPERATION",2.99,"G",638,5,5,"Comedy"
639,639,"OPPOSITE NECKLACE",4.99,"PG",639,8,8,"Family"
640,640,"OPUS ICE",4.99,"R",640,9,9,"Foreign"
641,641,"ORANGE GRAPES",0.99,"PG-13",641,9,9,"Foreign"
642,642,"ORDER BETRAYED",2.99,"PG-13",642,16,16,"Travel"
643,643,"ORIENT CLOSER",2.99,"R",643,7,7,"Drama"
644,644,"OSCAR GOLD",2.99,"PG",644,2,2,"Animation"
645,645,"OTHERS SOUP",2.99,"PG",645,16,16,"Travel"
646,646,"OUTBREAK DIVINE",0.99,"NC-17",646,10,10,"Games"
647,647,"OUTFIELD MASSACRE",0.99,"NC-17",647,12,12,"Music"
648,648,"OUTLAW HANKY",4.99,"PG-13",648,16,16,"Travel"
649,649,"OZ LIAISONS",2.99,"R",649,2,2,"Animation"
650,650,"PACIFIC AMISTAD",0.99,"G",650,6,6,"Documentary"
651,651,"PACKER MADIGAN",0.99,"PG-13",651,2,2,"Animation"
652,652,"PAJAMA JAWBREAKER",0.99,"R",652,4,4,"Classics"
653,653,"PANIC CLUB",4.99,"G",653,11,11,"Horror"
654,654,"PANKY SUBMARINE",4.99,"G",654,10,10,"Games"
655,655,"PANTHER REDS",4.99,"NC-17",655,14,14,"Sci-Fi"
656,656,"PAPI NECKLACE",0.99,"PG",656,16,16,"Travel"
657,657,"PARADISE SABRINA",2.99,"PG-13",657,5,5,"Comedy"
658,658,"PARIS WEEKEND",2.99,"PG-13",658,11,11,"Horror"
659,659,"PARK CITIZEN",4.99,"PG-13",659,1,1,"Action"
660,660,"PARTY KNOCK",2.99,"PG",660,5,5,"Comedy"
661,661,"PAST SUICIDES",4.99,"PG-13",661,9,9,"Foreign"
662,662,"PATHS CONTROL",4.99,"PG",662,7,7,"Drama"
663,663,"PATIENT SISTER",0.99,"NC-17",663,4,4,"Classics"
664,664,"PATRIOT ROMAN",2.99,"PG",664,1,1,"Action"
665,665,"PATTON INTERVIEW",2.99,"PG",665,11,11,"Horror"
666,666,"PAYCHECK WAIT",4.99,"PG-13",666,7,7,"Drama"
667,667,"PEACH INNOCENT",2.99,"PG-13",667,15,15,"Sports"
668,668,"PEAK FOREVER",4.99,"PG",668,15,15,"Sports"
669,669,"PEARL DESTINY",2.99,"NC-17",669,9,9,"Foreign"
670,670,"PELICAN COMFORTS",4.99,"PG",670,6,6,"Documentary"
671,671,"PERDITION FARGO",4.99,"NC-17",671,15,15,"Sports"
672,672,"PERFECT GROOVE",2.99,"PG-13",672,5,5,"Comedy"
673,673,"PERSONAL LADYBUGS",0.99,"PG-13",673,12,12,"Music"
674,674,"PET HAUNTING",0.99,"PG",674,9,9,"Foreign"
675,675,"PHANTOM GLORY",2.99,"NC-17",675,13,13,"New"
676,676,"PHILADELPHIA WIFE",4.99,"PG-13",676,15,15,"Sports"
677,677,"PIANIST OUTFIELD",0.99,"NC-17",677,13,13,"New"
678,678,"PICKUP DRIVING",2.99,"G",678,15,15,"Sports"
679,679,"PILOT HOOSIERS",2.99,"PG",679,8,8,"Family"
680,680,"PINOCCHIO SIMON",4.99,"PG",680,5,5,"Comedy"
681,681,"PIRATES ROXANNE",0.99,"PG",681,15,15,"Sports"
682,682,"PITTSBURGH HUNCHBACK",4.99,"PG-13",682,8,8,"Family"
683,683,"PITY BOUND",4.99,"NC-17",683,7,7,"Drama"
684,684,"PIZZA JUMANJI",2.99,"NC-17",684,10,10,"Games"
685,685,"PLATOON INSTINCT",4.99,"PG-13",685,13,13,"New"
686,686,"PLUTO OLEANDER",4.99,"R",686,13,13,"New"
687,687,"POCUS PULP",0.99,"NC-17",687,6,6,"Documentary"
688,688,"POLISH BROOKLYN",0.99,"PG",688,3,3,"Children"
689,689,"POLLOCK DELIVERANCE",2.99,"PG",689,9,9,"Foreign"
690,690,"POND SEATTLE",2.99,"PG-13",690,2,2,"Animation"
691,691,"POSEIDON FOREVER",4.99,"PG-13",691,15,15,"Sports"
692,692,"POTLUCK MIXED",2.99,"G",692,2,2,"Animation"
693,693,"POTTER CONNECTICUT",2.99,"PG",693,2,2,"Animation"
694,694,"PREJUDICE OLEANDER",4.99,"PG-13",694,4,4,"Classics"
695,695,"PRESIDENT BANG",4.99,"PG",695,8,8,"Family"
696,696,"PRIDE ALAMO",0.99,"NC-17",696,2,2,"Animation"
697,697,"PRIMARY GLASS",0.99,"G",697,1,1,"Action"
698,698,"PRINCESS GIANT",2.99,"NC-17",698,6,6,"Documentary"
699,699,"PRIVATE DROP",4.99,"PG",699,10,10,"Games"
700,700,"PRIX UNDEFEATED",2.99,"R",700,8,8,"Family"
701,701,"PSYCHO SHRUNK",2.99,"PG-13",701,10,10,"Games"
702,702,"PULP BEVERLY",2.99,"G",702,11,11,"Horror"
703,703,"PUNK DIVORCE",4.99,"PG",703,2,2,"Animation"
704,704,"PURE RUNNER",2.99,"NC-17",704,5,5,"Comedy"
705,705,"PURPLE MOVIE",2.99,"R",705,9,9,"Foreign"
706,706,"QUEEN LUKE",4.99,"PG",706,7,7,"Drama"
707,707,"QUEST MUSSOLINI",2.99,"R",707,1,1,"Action"
708,708,"QUILLS BULL",4.99,"R",708,6,6,"Documentary"
709,709,"RACER EGG",2.99,"NC-17",709,7,7,"Drama"
710,710,"RAGE GAMES",4.99,"R",710,8,8,"Family"
711,711,"RAGING AIRPLANE",4.99,"R",711,14,14,"Sci-Fi"
712,712,"RAIDERS ANTITRUST",0.99,"PG-13",712,6,6,"Documentary"
713,713,"RAINBOW SHOCK",4.99,"PG",713,6,6,"Documentary"
714,714,"RANDOM GO",2.99,"NC-17",714,14,14,"Sci-Fi"
715,715,"RANGE MOONWALKER",4.99,"PG",715,8,8,"Family"
716,716,"REAP UNFAITHFUL",2.99,"PG-13",716,11,11,"Horror"
717,717,"REAR TRADING",0.99,"NC-17",717,1,1,"Action"
718,718,"REBEL AIRPORT",0.99,"G",718,12,12,"Music"
719,719,"RECORDS ZORRO",4.99,"PG",719,15,15,"Sports"
720,720,"REDEMPTION COMFORTS",2.99,"NC-17",720,13,13,"New"
721,721,"REDS POCUS",4.99,"PG-13",721,12,12,"Music"
722,722,"REEF SALUTE",0.99,"NC-17",722,11,11,"Horror"
723,723,"REIGN GENTLEMEN",2.99,"PG-13",723,14,14,"Sci-Fi"
724,724,"REMEMBER DIARY",2.99,"R",724,8,8,"Family"
725,725,"REQUIEM TYCOON",4.99,"R",725,4,4,"Classics"
726,726,"RESERVOIR ADAPTATION",2.99,"PG-13",726,9,9,"Foreign"
727,727,"RESURRECTION SILVERADO",0.99,"PG",727,8,8,"Family"
728,728,"REUNION WITCHES",0.99,"R",728,7,7,"Drama"
729,729,"RIDER CADDYSHACK",2.99,"PG",729,15,15,"Sports"
730,730,"RIDGEMONT SUBMARINE",0.99,"PG-13",730,13,13,"New"
731,731,"RIGHT CRANES",4.99,"PG-13",731,4,4,"Classics"
732,732,"RINGS HEARTBREAKERS",0.99,"G",732,1,1,"Action"
733,733,"RIVER OUTLAW",0.99,"PG-13",733,15,15,"Sports"
734,734,"ROAD ROXANNE",4.99,"R",734,6,6,"Documentary"
735,735,"ROBBERS JOON",2.99,"PG-13",735,3,3,"Children"
736,736,"ROBBERY BRIGHT",0.99,"R",736,8,8,"Family"
737,737,"ROCK INSTINCT",0.99,"G",737,11,11,"Horror"
738,738,"ROCKETEER MOTHER",0.99,"PG-13",738,9,9,"Foreign"
739,739,"ROCKY WAR",4.99,"PG-13",739,7,7,"Drama"
740,740,"ROLLERCOASTER BRINGING",2.99,"PG-13",740,11,11,"Horror"
741,741,"ROMAN PUNK",0.99,"NC-17",741,12,12,"Music"
742,742,"ROOF CHAMPION",0.99,"R",742,10,10,"Games"
743,743,"ROOM ROMAN",0.99,"PG",743,2,2,"Animation"
744,744,"ROOTS REMEMBER",0.99,"PG-13",744,4,4,"Classics"
745,745,"ROSES TREASURE",4.99,"PG-13",745,15,15,"Sports"
746,746,"ROUGE SQUAD",0.99,"NC-17",746,10,10,"Games"
747,747,"ROXANNE REBEL",0.99,"R",747,10,10,"Games"
748,748,"RUGRATS SHAKESPEARE",0.99,"PG-13",748,1,1,"Action"
749,749,"RULES HUMAN",4.99,"R",749,11,11,"Horror"
750,750,"RUN PACIFIC",0.99,"R",750,13,13,"New"
751,751,"RUNAWAY TENENBAUMS",0.99,"NC-17",751,13,13,"New"
752,752,"RUNNER MADIGAN",0.99,"NC-17",752,12,12,"Music"
753,753,"RUSH GOODFELLAS",0.99,"PG",753,8,8,"Family"
754,754,"RUSHMORE MERMAID",2.99,"PG-13",754,5,5,"Comedy"
755,755,"SABRINA MIDNIGHT",4.99,"PG",755,3,3,"Children"
756,756,"SADDLE ANTITRUST",2.99,"PG-13",756,5,5,"Comedy"
757,757,"SAGEBRUSH CLUELESS",2.99,"G",757,6,6,"Documentary"
758,758,"SAINTS BRIDE",2.99,"G",758,7,7,"Drama"
759,759,"SALUTE APOLLO",2.99,"R",759,13,13,"New"
760,760,"SAMURAI LION",2.99,"G",760,13,13,"New"
761,761,"SANTA PARIS",2.99,"PG",761,3,3,"Children"
762,762,"SASSY PACKER",0.99,"G",762,10,10,"Games"
763,763,"SATISFACTION CONFIDENTIAL",4.99,"G",763,15,15,"Sports"
764,764,"SATURDAY LAMBS",4.99,"G",764,15,15,"Sports"
765,765,"SATURN NAME",4.99,"R",765,5,5,"Comedy"
766,766,"SAVANNAH TOWN",0.99,"PG-13",766,7,7,"Drama"
767,767,"SCALAWAG DUCK",4.99,"NC-17",767,12,12,"Music"
768,768,"SCARFACE BANG",4.99,"PG-13",768,3,3,"Children"
769,769,"SCHOOL JACKET",4.99,"PG-13",769,9,9,"Foreign"
770,770,"SCISSORHANDS SLUMS",2.99,"G",770,9,9,"Foreign"
771,771,"SCORPION APOLLO",4.99,"NC-17",771,7,7,"Drama"
772,772,"SEA VIRGIN",2.99,"PG",772,7,7,"Drama"
773,773,"SEABISCUIT PUNK",2.99,"NC-17",773,15,15,"Sports"
774,774,"SEARCHERS WAIT",2.99,"NC-17",774,5,5,"Comedy"
775,775,"SEATTLE EXPECATIONS",4.99,"PG-13",775,7,7,"Drama"
776,776,"SECRET GROUNDHOG",4.99,"PG",776,6,6,"Documentary"
777,777,"SECRETARY ROUGE",4.99,"PG",777,15,15,"Sports"
778,778,"SECRETS PARADISE",4.99,"G",778,8,8,"Family"
779,779,"SENSE GREEK",4.99,"R",779,15,15,"Sports"
780,780,"SENSIBILITY REAR",4.99,"PG",780,8,8,"Family"
781,781,"SEVEN SWARM",4.99,"R",781,10,10,"Games"
782,782,"SHAKESPEARE SADDLE",2.99,"PG-13",782,15,15,"Sports"
783,783,"SHANE DARKNESS",2.99,"PG",783,16,16,"Travel"
784,784,"SHANGHAI TYCOON",2.99,"PG",784,16,16,"Travel"
785,785,"SHAWSHANK BUBBLE",4.99,"PG",785,16,16,"Travel"
786,786,"SHEPHERD MIDSUMMER",0.99,"R",786,3,3,"Children"
787,787,"SHINING ROSES",0.99,"G",787,16,16,"Travel"
788,788,"SHIP WONDERLAND",2.99,"R",788,6,6,"Documentary"
789,789,"SHOCK CABIN",2.99,"PG-13",789,9,9,"Foreign"
790,790,"SHOOTIST SUPERFLY",0.99,"PG-13",790,7,7,"Drama"
791,791,"SHOW LORD",4.99,"PG-13",791,6,6,"Documentary"
792,792,"SHREK LICENSE",2.99,"PG-13",792,9,9,"Foreign"
793,793,"SHRUNK DIVINE",2.99,"R",793,1,1,"Action"
794,794,"SIDE ARK",0.99,"G",794,1,1,"Action"
795,795,"SIEGE MADRE",0.99,"R",795,8,8,"Family"
796,796,"SIERRA DIVIDE",0.99,"NC-17",796,15,15,"Sports"
797,797,"SILENCE KANE",0.99,"R",797,12,12,"Music"
798,798,"SILVERADO GOLDFINGER",4.99,"PG",798,14,14,"Sci-Fi"
799,799,"SIMON NORTH",0.99,"NC-17",799,11,11,"Horror"
800,800,"SINNERS ATLANTIS",2.99,"PG-13",800,11,11,"Horror"
801,801,"SISTER FREDDY",4.99,"PG-13",801,3,3,"Children"
802,802,"SKY MIRACLE",2.99,"PG",802,1,1,"Action"
803,803,"SLACKER LIAISONS",4.99,"R",803,7,7,"Drama"
804,804,"SLEEPING SUSPECTS",4.99,"PG-13",804,11,11,"Horror"
805,805,"SLEEPLESS MONSOON",4.99,"G",805,2,2,"Animation"
806,806,"SLEEPY JAPANESE",2.99,"PG",806,13,13,"New"
807,807,"SLEUTH ORIENT",0.99,"NC-17",807,10,10,"Games"
808,808,"SLING LUKE",0.99,"R",808,4,4,"Classics"
809,809,"SLIPPER FIDELITY",0.99,"PG-13",809,15,15,"Sports"
810,810,"SLUMS DUCK",0.99,"PG",810,8,8,"Family"
811,811,"SMILE EARRING",2.99,"G",811,16,16,"Travel"
812,812,"SMOKING BARBARELLA",0.99,"PG-13",812,6,6,"Documentary"
813,813,"SMOOCHY CONTROL",0.99,"R",813,15,15,"Sports"
814,814,"SNATCH SLIPPER",4.99,"PG",814,5,5,"Comedy"
815,815,"SNATCHERS MONTEZUMA",2.99,"PG-13",815,4,4,"Classics"
816,816,"SNOWMAN ROLLERCOASTER",0.99,"G",816,2,2,"Animation"
817,817,"SOLDIERS EVOLUTION",4.99,"R",817,14,14,"Sci-Fi"
818,818,"SOMETHING DUCK",4.99,"NC-17",818,7,7,"Drama"
819,819,"SONG HEDWIG",0.99,"PG-13",819,12,12,"Music"
820,820,"SONS INTERVIEW",2.99,"NC-17",820,2,2,"Animation"
821,821,"SORORITY QUEEN",0.99,"NC-17",821,9,9,"Foreign"
822,822,"SOUP WISDOM",0.99,"R",822,8,8,"Family"
823,823,"SOUTH WAIT",2.99,"R",823,1,1,"Action"
824,824,"SPARTACUS CHEAPER",4.99,"NC-17",824,8,8,"Family"
825,825,"SPEAKEASY DATE",2.99,"PG-13",825,1,1,"Action"
826,826,"SPEED SUIT",4.99,"PG-13",826,16,16,"Travel"
827,827,"SPICE SORORITY",4.99,"NC-17",827,7,7,"Drama"
828,828,"SPIKING ELEMENT",2.99,"G",828,4,4,"Classics"
829,829,"SPINAL ROCKY",2.99,"PG-13",829,8,8,"Family"
830,830,"SPIRIT FLINTSTONES",0.99,"R",830,11,11,"Horror"
831,831,"SPIRITED CASUALTIES",0.99,"PG-13",831,14,14,"Sci-Fi"
832,832,"SPLASH GUMP",0.99,"PG",832,8,8,"Family"
833,833,"SPLENDOR PATTON",0.99,"R",833,3,3,"Children"
834,834,"SPOILERS HELLFIGHTERS",0.99,"G",834,6,6,"Documentary"
835,835,"SPY MILE",2.99,"PG-13",835,10,10,"Games"
836,836,"SQUAD FISH",2.99,"PG",836,15,15,"Sports"
837,837,"STAGE WORLD",2.99,"PG",837,5,5,"Comedy"
838,838,"STAGECOACH ARMAGEDDON",4.99,"R",838,1,1,"Action"
839,839,"STALLION SUNDANCE",0.99,"PG-13",839,14,14,"Sci-Fi"
840,840,"STAMPEDE DISTURBING",0.99,"R",840,10,10,"Games"
841,841,"STAR OPERATION",2.99,"PG",841,15,15,"Sports"
842,842,"STATE WASTELAND",2.99,"NC-17",842,10,10,"Games"
843,843,"STEEL SANTA",4.99,"NC-17",843,4,4,"Classics"
844,844,"STEERS ARMAGEDDON",4.99,"PG",844,15,15,"Sports"
845,845,"STEPMOM DREAM",4.99,"NC-17",845,9,9,"Foreign"
846,846,"STING PERSONAL",4.99,"NC-17",846,13,13,"New"
847,847,"STOCK GLASS",2.99,"PG",847,13,13,"New"
848,848,"STONE FIRE",0.99,"G",848,16,16,"Travel"
849,849,"STORM HAPPINESS",0.99,"NC-17",849,2,2,"Animation"
850,850,"STORY SIDE",0.99,"R",850,1,1,"Action"
851,851,"STRAIGHT HOURS",0.99,"R",851,15,15,"Sports"
852,852,"STRANGELOVE DESIRE",0.99,"NC-17",852,3,3,"Children"
853,853,"STRANGER STRANGERS",4.99,"G",853,3,3,"Children"
854,854,"STRANGERS GRAFFITI",4.99,"R",854,11,11,"Horror"
855,855,"STREAK RIDGEMONT",0.99,"PG-13",855,6,6,"Documentary"
856,856,"STREETCAR INTENTIONS",4.99,"R",856,11,11,"Horror"
857,857,"STRICTLY SCARFACE",2.99,"PG-13",857,5,5,"Comedy"
858,858,"SUBMARINE BED",4.99,"R",858,5,5,"Comedy"
859,859,"SUGAR WONKA",4.99,"PG",859,2,2,"Animation"
860,860,"SUICIDES SILENCE",4.99,"G",860,14,14,"Sci-Fi"
861,861,"SUIT WALLS",4.99,"R",861,10,10,"Games"
862,862,"SUMMER SCARFACE",0.99,"G",862,4,4,"Classics"
863,863,"SUN CONFESSIONS",0.99,"R",863,14,14,"Sci-Fi"
864,864,"SUNDANCE INVASION",0.99,"NC-17",864,3,3,"Children"
865,865,"SUNRISE LEAGUE",4.99,"PG-13",865,2,2,"Animation"
866,866,"SUNSET RACER",0.99,"NC-17",866,8,8,"Family"
867,867,"SUPER WYOMING",4.99,"PG",867,8,8,"Family"
868,868,"SUPERFLY TRIP",0.99,"PG",868,16,16,"Travel"
869,869,"SUSPECTS QUILLS",2.99,"PG",869,1,1,"Action"
870,870,"SWARM GOLD",0.99,"PG-13",870,11,11,"Horror"
871,871,"SWEDEN SHINING",4.99,"PG",871,5,5,"Comedy"
872,872,"SWEET BROTHERHOOD",2.99,"R",872,16,16,"Travel"
873,873,"SWEETHEARTS SUSPECTS",0.99,"G",873,3,3,"Children"
874,874,"TADPOLE PARK",2.99,"PG",874,4,4,"Classics"
875,875,"TALENTED HOMICIDE",0.99,"PG",875,15,15,"Sports"
876,876,"TARZAN VIDEOTAPE",2.99,"PG-13",876,11,11,"Horror"
877,877,"TAXI KICK",0.99,"PG-13",877,12,12,"Music"
878,878,"TEEN APOLLO",4.99,"G",878,16,16,"Travel"
879,879,"TELEGRAPH VOYAGE",4.99,"PG",879,12,12,"Music"
880,880,"TELEMARK HEARTBREAKERS",2.99,"PG-13",880,2,2,"Animation"
881,881,"TEMPLE ATTRACTION",4.99,"PG",881,11,11,"Horror"
882,882,"TENENBAUMS COMMAND",0.99,"PG-13",882,7,7,"Drama"
883,883,"TEQUILA PAST",4.99,"PG",883,3,3,"Children"
884,884,"TERMINATOR CLUB",4.99,"R",884,12,12,"Music"
885,885,"TEXAS WATCH",0.99,"NC-17",885,11,11,"Horror"
886,886,"THEORY MERMAID",0.99,"PG-13",886,2,2,"Animation"
887,887,"THIEF PELICAN",4.99,"PG-13",887,2,2,"Animation"
888,888,"THIN SAGEBRUSH",4.99,"PG-13",888,6,6,"Documentary"
889,889,"TIES HUNGER",4.99,"R",889,3,3,"Children"
890,890,"TIGHTS DAWN",0.99,"R",890,15,15,"Sports"
891,891,"TIMBERLAND SKY",0.99,"G",891,4,4,"Classics"
892,892,"TITANIC BOONDOCK",4.99,"R",892,2,2,"Animation"
893,893,"TITANS JERK",4.99,"PG",893,14,14,"Sci-Fi"
894,894,"TOMATOES HELLFIGHTERS",0.99,"PG",894,16,16,"Travel"
895,895,"TOMORROW HUSTLER",2.99,"R",895,4,4,"Classics"
896,896,"TOOTSIE PILOT",0.99,"PG",896,3,3,"Children"
897,897,"TORQUE BOUND",4.99,"G",897,7,7,"Drama"
898,898,"TOURIST PELICAN",4.99,"PG-13",898,15,15,"Sports"
899,899,"TOWERS HURRICANE",0.99,"NC-17",899,4,4,"Classics"
900,900,"TOWN ARK",2.99,"R",900,9,9,"Foreign"
901,901,"TRACY CIDER",0.99,"G",901,2,2,"Animation"
902,902,"TRADING PINOCCHIO",4.99,"PG",902,15,15,"Sports"
903,903,"TRAFFIC HOBBIT",4.99,"G",903,16,16,"Travel"
904,904,"TRAIN BUNCH",4.99,"R",904,11,11,"Horror"
905,905,"TRAINSPOTTING STRANGERS",4.99,"PG-13",905,5,5,"Comedy"
906,906,"TRAMP OTHERS",0.99,"PG",906,5,5,"Comedy"
907,907,"TRANSLATION SUMMER",0.99,"PG-13",907,7,7,"Drama"
908,908,"TRAP GUYS",4.99,"G",908,9,9,"Foreign"
909,909,"TREASURE COMMAND",0.99,"PG-13",909,11,11,"Horror"
910,910,"TREATMENT JEKYLL",0.99,"PG",910,7,7,"Drama"
911,911,"TRIP NEWTON",4.99,"PG-13",911,1,1,"Action"
912,912,"TROJAN TOMORROW",2.99,"PG",912,14,14,"Sci-Fi"
913,913,"TROOPERS METAL",0.99,"R",913,13,13,"New"
914,914,"TROUBLE DATE",2.99,"PG",914,16,16,"Travel"
915,915,"TRUMAN CRAZY",4.99,"G",915,1,1,"Action"
916,916,"TURN STAR",2.99,"G",916,2,2,"Animation"
917,917,"TUXEDO MILE",2.99,"R",917,15,15,"Sports"
918,918,"TWISTED PIRATES",4.99,"PG",918,3,3,"Children"
919,919,"TYCOON GATHERING",4.99,"G",919,10,10,"Games"
920,920,"UNBREAKABLE KARATE",0.99,"G",920,13,13,"New"
921,921,"UNCUT SUICIDES",2.99,"PG-13",921,12,12,"Music"
922,922,"UNDEFEATED DALMATIONS",4.99,"PG-13",922,11,11,"Horror"
923,923,"UNFAITHFUL KILL",2.99,"R",923,7,7,"Drama"
924,924,"UNFORGIVEN ZOOLANDER",0.99,"PG",924,14,14,"Sci-Fi"
925,925,"UNITED PILOT",0.99,"R",925,6,6,"Documentary"
926,926,"UNTOUCHABLES SUNRISE",2.99,"NC-17",926,6,6,"Documentary"
927,927,"UPRISING UPTOWN",2.99,"NC-17",927,1,1,"Action"
928,928,"UPTOWN YOUNG",2.99,"PG",928,3,3,"Children"
929,929,"USUAL UNTOUCHABLES",4.99,"PG-13",929,9,9,"Foreign"
930,930,"VACATION BOONDOCK",2.99,"R",930,14,14,"Sci-Fi"
931,931,"VALENTINE VANISHING",0.99,"PG-13",931,16,16,"Travel"
932,932,"VALLEY PACKER",0.99,"G",932,5,5,"Comedy"
933,933,"VAMPIRE WHALE",4.99,"NC-17",933,13,13,"New"
934,934,"VANILLA DAY",4.99,"NC-17",934,10,10,"Games"
935,935,"VANISHED GARDEN",0.99,"R",935,13,13,"New"
936,936,"VANISHING ROCKY",2.99,"NC-17",936,12,12,"Music"
937,937,"VARSITY TRIP",2.99,"NC-17",937,13,13,"New"
938,938,"VELVET TERMINATOR",4.99,"R",938,5,5,"Comedy"
939,939,"VERTIGO NORTHWEST",2.99,"R",939,5,5,"Comedy"
940,940,"VICTORY ACADEMY",0.99,"PG-13",940,15,15,"Sports"
941,941,"VIDEOTAPE ARSENIC",4.99,"NC-17",941,10,10,"Games"
942,942,"VIETNAM SMOOCHY",0.99,"PG-13",942,7,7,"Drama"
943,943,"VILLAIN DESPERATE",4.99,"PG-13",943,6,6,"Documentary"
944,944,"VIRGIN DAISY",4.99,"PG-13",944,7,7,"Drama"
945,945,"VIRGINIAN PLUTO",0.99,"R",945,6,6,"Documentary"
946,946,"VIRTUAL SPOILERS",4.99,"NC-17",946,8,8,"Family"
947,947,"VISION TORQUE",0.99,"PG-13",947,9,9,"Foreign"
948,948,"VOICE PEACH",0.99,"PG-13",948,13,13,"New"
949,949,"VOLCANO TEXAS",0.99,"NC-17",949,10,10,"Games"
950,950,"VOLUME HOUSE",4.99,"PG",950,4,4,"Classics"
951,951,"VOYAGE LEGALLY",0.99,"PG-13",951,4,4,"Classics"
952,952,"WAGON JAWS",2.99,"PG",952,6,6,"Documentary"
953,953,"WAIT CIDER",0.99,"PG-13",953,2,2,"Animation"
954,954,"WAKE JAWS",4.99,"G",954,13,13,"New"
955,955,"WALLS ARTIST",4.99,"PG",955,3,3,"Children"
956,956,"WANDA CHAMBER",4.99,"PG-13",956,10,10,"Games"
957,957,"WAR NOTTING",4.99,"G",957,9,9,"Foreign"
958,958,"WARDROBE PHANTOM",2.99,"G",958,7,7,"Drama"
959,959,"WARLOCK WEREWOLF",2.99,"G",959,3,3,"Children"
960,960,"WARS PLUTO",2.99,"G",960,6,6,"Documentary"
961,961,"WASH HEAVENLY",4.99,"R",961,9,9,"Foreign"
962,962,"WASTELAND DIVINE",2.99,"PG",962,4,4,"Classics"
963,963,"WATCH TRACY",0.99,"PG",963,2,2,"Animation"
964,964,"WATERFRONT DELIVERANCE",4.99,"G",964,1,1,"Action"
965,965,"WATERSHIP FRONTIER",0.99,"G",965,11,11,"Horror"
966,966,"WEDDING APOLLO",0.99,"PG",966,6,6,"Documentary"
967,967,"WEEKEND PERSONAL",2.99,"R",967,14,14,"Sci-Fi"
968,968,"WEREWOLF LOLA",4.99,"G",968,1,1,"Action"
969,969,"WEST LION",4.99,"G",969,7,7,"Drama"
970,970,"WESTWARD SEABISCUIT",0.99,"NC-17",970,4,4,"Classics"
971,971,"WHALE BIKINI",4.99,"PG-13",971,9,9,"Foreign"
972,972,"WHISPERER GIANT",4.99,"PG-13",972,14,14,"Sci-Fi"
973,973,"WIFE TURN",4.99,"NC-17",973,6,6,"Documentary"
974,974,"WILD APOLLO",0.99,"R",974,13,13,"New"
975,975,"WILLOW TRACY",2.99,"R",975,8,8,"Family"
976,976,"WIND PHANTOM",0.99,"R",976,10,10,"Games"
977,977,"WINDOW SIDE",2.99,"R",977,16,16,"Travel"
978,978,"WISDOM WORKER",0.99,"R",978,5,5,"Comedy"
979,979,"WITCHES PANIC",4.99,"NC-17",979,7,7,"Drama"
980,980,"WIZARD COLDBLOODED",4.99,"PG",980,12,12,"Music"
981,981,"WOLVES DESIRE",0.99,"NC-17",981,16,16,"Travel"
982,982,"WOMEN DORADO",0.99,"R",982,1,1,"Action"
983,983,"WON DARES",2.99,"PG",983,12,12,"Music"
984,984,"WONDERFUL DROP",2.99,"NC-17",984,9,9,"Foreign"
985,985,"WONDERLAND CHRISTMAS",4.99,"PG",985,14,14,"Sci-Fi"
986,986,"WONKA SEA",2.99,"NC-17",986,2,2,"Animation"
987,987,"WORDS HUNTER",2.99,"PG",987,12,12,"Music"
988,988,"WORKER TARZAN",2.99,"R",988,16,16,"Travel"
989,989,"WORKING MICROCOSMOS",4.99,"R",989,16,16,"Travel"
990,990,"WORLD LEATHERNECKS",0.99,"PG-13",990,11,11,"Horror"
991,991,"WORST BANGER",2.99,"PG",991,1,1,"Action"
992,992,"WRATH MILE",0.99,"NC-17",992,6,6,"Documentary"
993,993,"WRONG BEHAVIOR",2.99,"PG-13",993,3,3,"Children"
994,994,"WYOMING STORM",4.99,"PG-13",994,13,13,"New"
995,995,"YENTL IDAHO",4.99,"R",995,11,11,"Horror"
996,996,"YOUNG LANGUAGE",0.99,"G",996,6,6,"Documentary"
997,997,"YOUTH KICK",0.99,"NC-17",997,12,12,"Music"
998,998,"ZHIVAGO CORE",0.99,"NC-17",998,11,11,"Horror"
999,999,"ZOOLANDER FICTION",2.99,"R",999,3,3,"Children"
1000,1000,"ZORRO ARK",4.99,"NC-17",1000,5,5,"Comedy"
